Run,Iteration,Individual,Fitness,StringRepresentation
2,1,0,1.0,((((sin((cos((0.62miny))*abs((y+0.62))))maxcos((((x-z)min(xminy))maxabs((xminy)))))-sin((cos(((x-x)max(y+x)))*sqrt(((x-y)*sqrt(z))))))/(((abs(sin((z^y)))-sqrt(abs(abs(0.62))))+sin(abs(sin((x-x)))))*(abs((cos((ymax0.62))-((x-z)min(0.62/y))))max(((sqrt(x)*(x-x))max((0.62-0.62)+sin(0.62)))maxsin((cos(x)max(xminy)))))))+sin(((((cos(sqrt(y))-abs(sqrt(z)))maxsin(cos((x^z))))-abs(sin(((z-x)+(z/x)))))*((((cos(0.62)/(0.62maxz))^((ymaxz)^(0.62maxx)))+((sin(x)^(z*z))^((x+0.62)-(xmaxy))))/((cos(sin(y))+abs(sqrt(x)))minabs(abs((x/x))))))))
2,1,1,3.0,cos(((sqrt(abs((ymax((y*0.62)-y))))min(0.62min(((y*(0.62-z))*(sqrt(z)/(0.62/x)))-(abs(y)^(cos(0.62)-(x/x))))))min(sqrt((abs(cos(abs(0.62)))min(cos((z*z))max(cos(y)*0.62))))*((sin(y)+0.62)^z))))
2,1,2,0.0,((cos(((sqrt(((z-z)^abs(z)))max(cos(sin(x))^(abs(0.62)-cos(y))))/sqrt(sqrt(sqrt((z/y))))))-sin(((sin(abs((zmin0.62)))-sqrt((sin(z)+(ymaxz))))^((((yminx)/sin(z))^(sin(y)-(zmax0.62)))*(abs(sin(y))/sin((zmaxy)))))))^(((abs(sin((cos(0.62)^(y/y))))/((((0.62+x)min(0.62^x))*(sqrt(z)max(x-0.62)))max(((y/x)/cos(y))^((y*y)^abs(0.62)))))*(cos(sqrt((cos(x)-(y+x))))+cos(sqrt((cos(x)max(x/z))))))-sin((((((0.62*z)min(0.62/0.62))+((z*0.62)mincos(0.62)))min(((z^0.62)+(xminx))-((zmaxy)+(y/0.62))))+((abs((y+x))max(sqrt(x)mincos(0.62)))max(cos((0.62^0.62))*((0.62^0.62)-(0.62minx))))))))
2,1,3,0.0,z
2,1,4,0.0,((((((abs((y*0.62))^(cos(x)/cos(z)))-(sqrt(sqrt(0.62))-(sin(z)/(0.62maxz))))max((abs((0.62*x))+(sin(x)+(z/y)))-cos(sin((x/y)))))^(cos(sin(((z^z)-(z-0.62))))/((((0.62minx)^(z-y))max((y-x)-(0.62-0.62)))^(((z*x)+(xmin0.62))+(sqrt(x)max(x/0.62))))))/(((sin(((z/0.62)*abs(y)))^(((yminy)max(0.62maxz))min((ymin0.62)-(x^z))))^sin(sin(abs((0.62/0.62)))))/((cos(((xmaxy)+cos(0.62)))+abs(((zmaxx)max(0.62^x))))max((((0.62^y)+(x-y))^((0.62/z)-cos(x)))^sqrt(sin((0.62maxz)))))))/((((((sin(z)/sin(0.62))/abs((x*z)))/abs(sqrt((x/x))))^(sqrt(((x*x)/cos(z)))max(((0.62miny)+sqrt(x))max((x+y)^sqrt(z)))))max(cos(sqrt(((zminz)max(zmaxx))))*abs((sqrt((z+x))^((x^0.62)^sin(0.62))))))/sqrt(abs((sqrt(((x*0.62)+sqrt(x)))minabs((sin(z)-(xmaxy))))))))
2,1,5,3.0,abs(sqrt(sqrt((((sin(cos(x))max(sin(x)-(z/0.62)))minsin(((y^x)+(ymaxz))))/(((sqrt(z)max(x*y))*(cos(x)max(0.62*z)))min(((yminz)^(0.62+0.62))maxsqrt(sqrt(z))))))))
2,1,6,0.0,(((sqrt((((sqrt(z)minsin(y))*(sin(x)-(x/0.62)))/(((z/x)max(0.62*y))^((x^z)*sqrt(y)))))-sqrt(((((y+y)+(x-y))-((yminy)/sqrt(y)))-((cos(z)*(0.62/z))mincos(abs(y))))))/sin((((((z/x)^(x-0.62))+(sin(z)^(0.62*z)))*cos(((0.62*x)-(x/x))))-(sin((abs(z)-(0.62max0.62)))+((cos(0.62)+(x-y))^((y/x)/(z*0.62)))))))*abs((sqrt((((sin(y)-(0.62/x))+sin(abs(z)))minsqrt(sqrt((0.62-x)))))*cos((sqrt(sqrt((y/y)))-(cos((0.62/z))max((x-z)min(y-y))))))))
2,1,7,3.0,sqrt(((abs(sin(abs(sin(cos(x)))))-((abs(((x^z)^sin(x)))+((sin(x)/(x^x))*sin((z^y))))-((sqrt((z/y))^((xmaxy)max(y*x)))minsqrt(sin((z^x))))))-(sin((abs(sin((x*0.62)))+abs(sqrt((y*z)))))-(sin(sin(sqrt((x^x))))^abs(((sin(x)/sin(x))-((y^0.62)-(x+x))))))))
2,1,8,0.0,cos((sin(0.62)*sqrt(z)))
2,2,0,2.0,sqrt(((abs(sin(abs(sin(cos(x)))))-((abs(((x^z)^sin(x)))+((sin(x)/(x^x))*sin((z^z))))-((sqrt((z/y))^((xmaxy)max(y*x)))minsqrt(sin((z^x))))))-(sin((abs(sin((x*0.62)))+abs(sqrt((y*z)))))-(sin(sin(sqrt((x^x))))^abs(((sin(x)/sin(x))-((y^0.62)-(x+x))))))))
2,2,1,2.0,cos(((sqrt(abs((ymax((y*0.62)-y))))min(0.62min(((y*(0.62-y))*(sqrt(z)/(0.62/x)))-(abs(y)^(cos(0.62)-(x/x))))))min(sqrt((abs(cos(abs(0.62)))min(cos((z*z))max(cos(y)*0.62))))*((sin(y)+0.62)^z))))
2,2,2,2.0,cos(((sqrt(abs((ymax((y*0.62)-y))))min(0.62min(((y*(0.62-z))*(sqrt(z)/(0.62/x)))-(abs(y)^(cos(0.62)-(x/x))))))min(sqrt((abs(cos(abs(0.62)))min(cos(cos(x))max(cos(y)*0.62))))*((sin(y)+0.62)^z))))
2,2,3,0.0,sqrt(((abs(sin(abs(sin((z*z)))))-((abs(((x^z)^sin(x)))+((sin(x)/(x^x))*sin((z^y))))-((sqrt((z/y))^((xmaxy)max(y*x)))minsqrt(sin((z^x))))))-(sin((abs(sin((x*0.62)))+abs(sqrt((y*z)))))-(sin(sin(sqrt((x^x))))^abs(((sin(x)/sin(x))-((y^0.62)-(x+x))))))))
2,2,4,0.0,cos(((sqrt(abs((ymax((y*0.62)-y))))min(0.62min(((y*(0.62-z))*(sqrt(z)/(0.62/x)))-(abs(y)^(cos(0.62)-(x/x))))))min(sqrt((abs(cos(abs(0.62)))min(cos((z*z))max(sqrt((x^x))*0.62))))*((sin(y)+0.62)^z))))
2,2,5,0.0,sqrt(((abs(sin(abs(sin(cos(x)))))-((abs(((x^z)^sin(x)))+((sin(x)/(x^x))*sin((z^y))))-((sqrt((z/y))^((xmaxy)max(y*x)))minsqrt(sin((z^x))))))-(sin((abs(sin((x*0.62)))+abs(sqrt((y*z)))))-(sin(sin(cos(y)))^abs(((sin(x)/sin(x))-((y^0.62)-(x+x))))))))
2,2,6,0.0,sqrt(((abs(sin(abs(sin(cos(x)))))-((abs(((x^z)^abs(0.62)))+((sin(x)/(x^x))*sin((z^y))))-((sqrt((z/y))^((xmaxy)max(y*x)))minsqrt(sin((z^x))))))-(sin((abs(sin((x*0.62)))+abs(sqrt((y*z)))))-(sin(sin(sqrt((x^x))))^abs(((sin(x)/sin(x))-((y^0.62)-(x+x))))))))
2,2,7,0.0,cos(((sqrt(abs((ymax((y*0.62)-y))))min(0.62min(((y*(0.62-z))*(sqrt(z)/(0.62/x)))-(abs(y)^(cos(0.62)-(x/x))))))min(sqrt((abs(cos(sin(x)))min(cos((z*z))max(cos(y)*0.62))))*((sin(y)+0.62)^z))))
2,2,8,2.0,sqrt(((abs(sin(abs(sin(cos(x)))))-((abs(((x^z)^sin(x)))+((sin(x)/(x^x))*sin((z^y))))-((sqrt((z/y))^((xmaxy)maxz))minsqrt(sin((z^x))))))-(sin((abs(sin((x*0.62)))+abs(sqrt((y*z)))))-(sin(sin(sqrt((x^x))))^abs(((sin(x)/sin(x))-((y^0.62)-(x+x))))))))
2,3,0,0.0,sqrt(((abs(sin(abs(sin(cos(x)))))-((abs(((x^z)^sin(x)))+((sin(x)/(x^x))*sin((z^y))))-((sqrt((z/y))^((xmaxy)maxz))minsqrt(sin((z^x))))))-(sin((abs(sin((x*0.62)))+abs(sqrt((y*z)))))-(sin(sin(sqrt((x^x))))^0.62))))
2,3,1,2.0,cos(((sqrt(abs((ymax((y*0.62)-y))))min(0.62min(((y*(abs(((sin(x)/sin(x))-((y^0.62)-(x+x))))-y))*(sqrt(z)/(0.62/x)))-(abs(y)^(cos(0.62)-(x/x))))))min(sqrt((abs(cos(abs(0.62)))min(cos((z*z))max(cos(y)*0.62))))*((sin(y)+0.62)^z))))
2,3,2,0.0,sqrt(((abs(0.62)-((abs(((x^z)^sin(x)))+((sin(x)/(x^x))*sin((z^y))))-((sqrt((z/y))^((xmaxy)maxz))minsqrt(sin((z^x))))))-(sin((abs(sin((x*0.62)))+abs(sqrt((y*z)))))-(sin(sin(sqrt((x^x))))^abs(((sin(x)/sin(x))-((y^0.62)-(x+x))))))))
2,3,3,0.0,sqrt(((abs(sin(abs(sin(cos(x)))))-((abs(((x^z)^sin(x)))+((sin(x)/(x^x))*sin((z^y))))-((sqrt((z/y))^((xmaxy)maxz))minsqrt(sin((z^x))))))-(sin((abs(sin((x*0.62)))+abs(sqrt((y*z)))))-(sin(sin(sqrt((x^x))))^abs(((sin(x)/sin(x))-((y^sin(abs(sin(cos(x)))))-(x+x))))))))
2,3,4,0.0,sqrt(((abs(sin(abs(sin(cos(sqrt((abs(cos(abs(0.62)))min(cos((z*z))max(cos(y)*0.62)))))))))-((abs(((x^z)^sin(x)))+((sin(x)/(x^x))*sin((z^y))))-((sqrt((z/y))^((xmaxy)maxz))minsqrt(sin((z^x))))))-(sin((abs(sin((x*0.62)))+abs(sqrt((y*z)))))-(sin(sin(sqrt((x^x))))^abs(((sin(x)/sin(x))-((y^0.62)-(x+x))))))))
2,3,5,2.0,cos(((sqrt(abs((ymax((y*0.62)-y))))min(0.62min(((y*(0.62-y))*(sqrt(z)/(0.62/x)))-(abs(y)^(cos(0.62)-(x/x))))))min(x*((sin(y)+0.62)^z))))
2,3,6,1.0,sqrt(((abs(sin(abs(sin(cos(x)))))-((abs(((x^z)^sin(x)))+((sin(x)/(x^x))*sin((z^z))))-((sqrt((z/y))^((xmaxy)max(y*x)))minsqrt(sin((z^x))))))-(sin((abs(sin((x*0.62)))+abs(sqrt((y*z)))))-sin(x))))
2,3,7,2.0,sqrt(((abs(sin(abs(sin(cos(x)))))-((abs(((x^z)^sin(x)))+(((sin(sin(sqrt((x^x))))^abs(((sin(x)/sin(x))-((y^0.62)-(x+x)))))/(x^x))*sin((z^y))))-((sqrt((z/y))^((xmaxy)maxz))minsqrt(sin((z^x))))))-(sin((abs(sin((x*0.62)))+abs(sqrt((y*z)))))-(sin(sin(sqrt((x^x))))^abs(((sin(x)/sin(x))-((y^0.62)-(x+x))))))))
2,3,8,0.0,sqrt(((abs(sin(abs(sin(cos(x)))))-((abs(((x^z)^sin(x)))+((sin(x)/(x^x))*sin((z^y))))-((sqrt((z/y))^((xmaxy)maxz))minsqrt(sin((z^x))))))-(sin((abs(sin((x*0.62)))+abs(sqrt((((abs(((x^z)^sin(x)))+((sin(x)/(x^x))*sin((z^z))))-((sqrt((z/y))^((xmaxy)max(y*x)))minsqrt(sin((z^x)))))*z)))))-(sin(sin(sqrt((x^x))))^abs(((sin(x)/sin(x))-((y^0.62)-(x+x))))))))
2,4,0,2.0,sqrt(((abs(sin(abs(sin(cos(x)))))-((abs(((x^z)^sin(x)))+(((sin(sin(sqrt((x^x))))^abs(((sin(x)/sin(x))-((y^0.62)-(x+x)))))/(x^x))*sin((z^y))))-((sqrt((z/y))^((xmaxy)maxz))minsqrt(sin((z^x))))))-(sin((abs(sin((x*0.62)))+abs(sqrt((y*z)))))-(sin(sin(sqrt((x^x))))^abs(((sin(x)/sin(abs((ymax((y*0.62)-y)))))-((y^0.62)-(x+x))))))))
2,4,1,3.0,cos(((sqrt(x)min(0.62min(((y*(abs(((sin(x)/sin(x))-((y^0.62)-(x+x))))-y))*(sqrt(z)/(0.62/x)))-(abs(y)^(cos(0.62)-(x/x))))))min(sqrt((abs(cos(abs(0.62)))min(cos((z*z))max(cos(y)*0.62))))*((sin(y)+0.62)^z))))
2,4,2,2.0,cos(((sqrt(abs((ymax((y*0.62)-y))))min(0.62min(((y*(abs(((sin(x)/sin(x))-((y^0.62)-(x+x))))-y))*(sqrt(z)/(0.62/x)))-(z^(cos(0.62)-(x/x))))))min(sqrt((abs(cos(abs(0.62)))min(cos((z*z))max(cos(y)*0.62))))*((sin(y)+0.62)^z))))
2,4,3,1.0,sqrt(((abs(sin(abs(sin(cos(x)))))-((abs(((x^z)^sin(x)))+(((sin(sin(sqrt((x^x))))^abs(((sin(x)/sin(x))-((y^0.62)-(x+x)))))/(x^x))*sin((z^y))))-((sqrt((abs(y)/y))^((xmaxy)maxz))minsqrt(sin((z^x))))))-(sin((abs(sin((x*0.62)))+abs(sqrt((y*z)))))-(sin(sin(sqrt((x^x))))^abs(((sin(x)/sin(x))-((y^0.62)-(x+x))))))))
2,4,4,0.0,sqrt(((abs(sin(abs(sin(cos(x)))))-((abs(((x^z)^sin(x)))+(((sin(sin(sqrt((x^x))))^abs(((sin(z)/sin(x))-((y^0.62)-(x+x)))))/(x^x))*sin((z^y))))-((sqrt((z/y))^((xmaxy)maxz))minsqrt(sin((z^x))))))-(sin((abs(sin((x*0.62)))+abs(sqrt((y*z)))))-(sin(sin(sqrt((x^x))))^abs(((sin(x)/sin(x))-((y^0.62)-(x+x))))))))
2,4,5,0.0,sqrt(((abs(sin(abs(sin(cos(x)))))-((abs(((x^x)^sin(x)))+(((sin(sin(sqrt((x^x))))^abs(((sin(x)/sin(x))-((y^0.62)-(x+x)))))/(x^x))*sin((z^y))))-((sqrt((z/y))^((xmaxy)maxz))minsqrt(sin((z^x))))))-(sin((abs(sin((x*0.62)))+abs(sqrt((y*z)))))-(sin(sin(sqrt((x^x))))^abs(((sin(x)/sin(x))-((y^0.62)-(x+x))))))))
2,4,6,3.0,cos(((sqrt(abs((ymax((y*0.62)-y))))min(0.62min(((y*(0.62-y))*(sqrt(z)/(0.62/x)))-(abs(sin(abs(sin(cos(x)))))^(cos(0.62)-(x/x))))))min(x*((sin(y)+0.62)^z))))
2,4,7,1.0,sqrt(((abs(y)-((abs(((x^z)^sin(x)))+(((sin(sin(sqrt((x^x))))^abs(((sin(x)/sin(x))-((y^0.62)-(x+x)))))/(x^x))*sin((z^y))))-((sqrt((z/y))^((xmaxy)maxz))minsqrt(sin((z^x))))))-(sin((abs(sin((x*0.62)))+abs(sqrt((y*z)))))-(sin(sin(sqrt((x^x))))^abs(((sin(x)/sin(x))-((y^0.62)-(x+x))))))))
2,4,8,0.0,sqrt(((abs(sin(abs((cos(0.62)-(x/x)))))-((abs(((x^z)^sin(x)))+(((sin(sin(sqrt((x^x))))^abs(((sin(x)/sin(x))-((y^0.62)-(x+x)))))/(x^x))*sin((z^y))))-((sqrt((z/y))^((xmaxy)maxz))minsqrt(sin((z^x))))))-(sin((abs(sin((x*0.62)))+abs(sqrt((y*z)))))-(sin(sin(sqrt((x^x))))^abs(((sin(x)/sin(x))-((y^0.62)-(x+x))))))))
2,5,0,0.0,sqrt(((abs(y)-((abs(((x^z)^sin(x)))+(((sin(sin(sqrt((x^x))))^abs(((sin(x)/sin(x))-((y^0.62)-(x+x)))))/(x^x))*sin((z^y))))-((sqrt((z/y))^((xmaxy)maxz))minsqrt(sin((z^x))))))-(sin((abs(sin((x*0.62)))+abs(sqrt((y*z)))))-(sin(sin(sqrt((x^x))))^abs(((sin(x)/sin(x))-((y^0.62)-x)))))))
2,5,1,0.0,sqrt(((abs(y)-((abs(((x^z)^sin(x)))+(((sin(sin(sqrt((x^(x+x)))))^abs(((sin(x)/sin(x))-((y^0.62)-(x+x)))))/(x^x))*sin((z^y))))-((sqrt((z/y))^((xmaxy)maxz))minsqrt(sin((z^x))))))-(sin((abs(sin((x*0.62)))+abs(sqrt((y*z)))))-(sin(sin(sqrt((x^x))))^abs(((sin(x)/sin(x))-((y^0.62)-(x+x))))))))
2,5,2,3.0,cos(((sqrt(abs((ymax((y*0.62)-y))))min(0.62min(((y*abs(((x^z)^sin(x))))*(sqrt(z)/(0.62/x)))-(z^(cos(0.62)-(x/x))))))min(sqrt((abs(cos(abs(0.62)))min(cos((z*z))max(cos(y)*0.62))))*((sin(y)+0.62)^z))))
2,5,3,0.0,sqrt(((abs(y)-(((abs(((sin(x)/sin(x))-((y^0.62)-(x+x))))-y)+(((sin(sin(sqrt((x^x))))^abs(((sin(x)/sin(x))-((y^0.62)-(x+x)))))/(x^x))*sin((z^y))))-((sqrt((z/y))^((xmaxy)maxz))minsqrt(sin((z^x))))))-(sin((abs(sin((x*0.62)))+abs(sqrt((y*z)))))-(sin(sin(sqrt((x^x))))^abs(((sin(x)/sin(x))-((y^0.62)-(x+x))))))))
2,5,4,0.0,sqrt(((abs(y)-((abs(((x^z)^sin(x)))+(((sin(sin(sqrt((x^x))))^abs(((sin(x)/sin(x))-((y^0.62)-(x+x)))))/(x^x))*sin((abs(y)^y))))-((sqrt((z/y))^((xmaxy)maxz))minsqrt(sin((z^x))))))-(sin((abs(sin((x*0.62)))+abs(sqrt((y*z)))))-(sin(sin(sqrt((x^x))))^abs(((sin(x)/sin(x))-((y^0.62)-(x+x))))))))
2,5,5,1.0,sqrt(((abs(sin(abs(sin(cos(x)))))-((abs(((x^z)^sin(x)))+(((sin(sin(sqrt((x^x))))^abs(((sin(x)/sin(x))-((y^0.62)-(x+x)))))/(x^x))*sin((z^y))))-((sqrt((z/y))^((xmaxy)maxz))minsqrt(sin((z^x))))))-(sin((abs(sin((x*0.62)))+abs(sqrt((y*z)))))-(sin(sin(sqrt((x^x))))^abs(((sin(x)/sin(x))-((y^0.62)-(x+x))))))))
2,5,6,1.0,sqrt(((abs(y)-((abs(((x^z)^sin(x)))+(((sin(sin(sqrt((x^x))))^abs(((sin(x)/sin(x))-((y^0.62)-(x+x)))))/(x^x))*sin((z^y))))-((sqrt((z/y))^((xmaxy)maxz))minsqrt(sin((z^x))))))-(sin((abs(sin((x*0.62)))+abs(sqrt((y*z)))))-sin(x))))
2,5,7,0.0,sqrt(((abs(y)-((abs(((x^z)^sin(x)))+(((sin(sin(sqrt((x^x))))^abs((((sin(sin(sqrt((x^x))))^abs(((sin(x)/sin(x))-((y^0.62)-(x+x)))))/sin(x))-((y^0.62)-(x+x)))))/(x^x))*sin((z^y))))-((sqrt((z/y))^((xmaxy)maxz))minsqrt(sin((z^x))))))-(sin((abs(sin((x*0.62)))+abs(sqrt((y*z)))))-(sin(sin(sqrt((x^x))))^abs(((sin(x)/sin(x))-((y^0.62)-(x+x))))))))
2,5,8,1.0,sqrt(((abs(y)-((abs(((x^z)^sin(x)))+(((sin(sin(sqrt((x^x))))^abs(((sin(x)/sin(x))-((y^0.62)-(x+x)))))/(x^x))*sin((z^y))))-((sqrt((z/y))^((xmaxy)maxz))minsqrt(sin((z^x))))))-(sin((abs(sin((x*y)))+abs(sqrt((y*z)))))-(sin(sin(sqrt((x^x))))^abs(((sin(x)/sin(x))-((y^0.62)-(x+x))))))))
2,6,0,2.0,sqrt(((abs(y)-((abs(((x^z)^sin(x)))+(((sin(sin(sqrt((x^x))))^abs(((sin(x)/sin(x))-((y^0.62)-(x+x)))))/(x^x))*sin((z^y))))-((sqrt((z/y))^((xmaxy)maxz))minsqrt(sin((x^x))))))-(sin((abs(sin((x*y)))+abs(sqrt((y*z)))))-(sin(sin(sqrt((x^x))))^abs(((sin(x)/sin(x))-((y^0.62)-(x+x))))))))
2,6,1,0.0,sqrt(((abs(y)-((abs(((x^z)^sin(x)))+(((sin(sin(sqrt((x^x))))^abs(((sin(x)/sin(x))-((y^0.62)-(x+x)))))/(x^z))*sin((z^y))))-((sqrt((z/y))^((xmaxy)maxz))minsqrt(sin((z^x))))))-(sin((abs(sin((x*y)))+abs(sqrt((y*z)))))-(sin(sin(sqrt((x^x))))^abs(((sin(x)/sin(x))-((y^0.62)-(x+x))))))))
2,6,2,1.0,cos(((sqrt(abs((ymax((y*0.62)-y))))min(0.62min(((y*abs(((cos(abs(0.62))^z)^sin(x))))*(sqrt(z)/(0.62/x)))-(z^(cos(0.62)-(x/x))))))min(sqrt((abs(cos(abs(0.62)))min(cos((z*z))max(cos(y)*0.62))))*((sin(y)+0.62)^z))))
2,6,3,2.0,cos(((sqrt(abs((ymax((y*0.62)-y))))min(0.62min(((y*abs(((x^z)^sin(x))))*(sqrt(z)/(0.62/x)))-(z^(cos(0.62)-(x/x))))))min(sqrt((abs(x)min(cos((z*z))max(cos(y)*0.62))))*((sin(y)+0.62)^z))))
2,6,4,2.0,sqrt(((abs(sin(abs(sin(cos(x)))))-((abs(((x^z)^sin(x)))+(((sin(sin(sqrt((x^x))))^abs(((sin(x)/abs((ymax((y*0.62)-y))))-((y^0.62)-(x+x)))))/(x^x))*sin((z^y))))-((sqrt((z/y))^((xmaxy)maxz))minsqrt(sin((z^x))))))-(sin((abs(sin((x*0.62)))+abs(sqrt((y*z)))))-(sin(sin(sqrt((x^x))))^abs(((sin(x)/sin(x))-((y^0.62)-(x+x))))))))
2,6,5,1.0,cos(((sqrt(sin(x))min(0.62min(((y*abs(((x^z)^sin(x))))*(sqrt(z)/(0.62/x)))-(z^(cos(0.62)-(x/x))))))min(sqrt((abs(cos(abs(0.62)))min(cos((z*z))max(cos(y)*0.62))))*((sin(y)+0.62)^z))))
2,6,6,2.0,sqrt(((abs(sin(abs(sin(cos(x)))))-((abs(((x^z)^sin(x)))+(((sin(sin(sqrt((x^x))))^abs(((sin(x)/sin(x))-((y^0.62)-(x+x)))))/(x^x))*sin((z^y))))-((sqrt((z/y))^(sqrt(abs((ymax((y*0.62)-y))))maxz))minsqrt(sin((z^x))))))-(sin((abs(sin((x*0.62)))+abs(sqrt((y*z)))))-(sin(sin(sqrt((x^x))))^abs(((sin(x)/sin(x))-((y^0.62)-(x+x))))))))
2,6,7,0.0,cos((((xmaxy)min(0.62min(((y*abs(((x^z)^sin(x))))*(sqrt(z)/(0.62/x)))-(z^(cos(0.62)-(x/x))))))min(sqrt((abs(cos(abs(0.62)))min(cos((z*z))max(cos(y)*0.62))))*((sin(y)+0.62)^z))))
2,6,8,0.0,cos(((sqrt(abs((ymax((y*0.62)-y))))min(0.62min(((y*abs(((x^z)^sin(x))))*(sqrt(z)/(0.62/x)))-(z^(cos(0.62)-(x/x))))))min(sqrt((abs(cos(abs(x)))min(cos((z*z))max(cos(y)*0.62))))*((sin(y)+0.62)^z))))
2,7,0,1.0,sqrt(((abs(sin(abs(sin(cos(x)))))-((abs(((x^z)^sin(x)))+(((sin(sin(sqrt((x^x))))^abs(((sin(x)/abs((ymax((y*0.62)-y))))-((y^0.62)-(x+x)))))/(x^x))*sin((z^y))))-((sqrt((z/y))^((xmaxy)maxz))minsqrt(sin((z^x))))))-(sin((abs(sin((x*0.62)))+abs(sqrt((y*(ymax((y*0.62)-y)))))))-(sin(sin(sqrt((x^x))))^abs(((sin(x)/sin(x))-((y^0.62)-(x+x))))))))
2,7,1,0.0,sqrt(((abs(sin(abs(sin(cos(x)))))-((abs(((x^z)^sin(x)))+(((sin(sin(sqrt((x^x))))^abs(((sin(x)/sin(x))-((y^0.62)-(x+x)))))/(x^x))*sin((z^y))))-((sqrt((z/y))^(sqrt(abs(z))maxz))minsqrt(sin((z^x))))))-(sin((abs(sin((x*0.62)))+abs(sqrt((y*z)))))-(sin(sin(sqrt((x^x))))^abs(((sin(x)/sin(x))-((y^0.62)-(x+x))))))))
2,7,2,0.0,sqrt(((abs(sin(abs(sin(cos(x)))))-((abs(((x^z)^sin(x)))+(((sin(sin(sqrt((x^x))))^abs(((sin(x)/abs((ymax((y*0.62)-y))))-((y^0.62)-(x+x)))))/(x^x))*sin((z^y))))-((sqrt((z/y))^((xmaxy)maxz))minsqrt(sin((z^x))))))-(((y^0.62)-(x+x))-(sin(sin(sqrt((x^x))))^abs(((sin(x)/sin(x))-((y^0.62)-(x+x))))))))
2,7,3,1.0,sqrt(((abs(y)-((abs(((x^z)^sin(x)))+(((sin(sin(sqrt((x^x))))^abs(((sin(x)/sin(x))-((y^0.62)-(x+x)))))/(x^x))*sin((z^y))))-((sqrt((z/y))^((xmaxy)maxz))minsqrt(sin((x^x))))))-(sin((abs(sin((x*y)))+abs(sqrt((y*z)))))-(sin(sin(sqrt((x^x))))^abs(((sin(x)/sin(x))-sin((abs(sin((x*0.62)))+abs(sqrt((y*z)))))))))))
2,7,4,1.0,sqrt(((abs(sin(abs(sin(cos(x)))))-((abs(((x^z)^sin(x)))+(((sin(sin(sqrt((x^x))))^abs(((sin(x)/abs((ymax((y*0.62)-y))))-(((sin(sin(sqrt((x^x))))^abs(((sin(x)/sin(x))-((y^0.62)-(x+x)))))^0.62)-(x+x)))))/(x^x))*sin((z^y))))-((sqrt((z/y))^((xmaxy)maxz))minsqrt(sin((z^x))))))-(sin((abs(sin((x*0.62)))+abs(sqrt((y*z)))))-(sin(sin(sqrt((x^x))))^abs(((sin(x)/sin(x))-((y^0.62)-(x+x))))))))
2,7,5,0.0,sqrt(((abs(y)-((abs(((x^z)^sin(x)))+(((sin(sin(sqrt((x^x))))^abs(((sin(x)/sin(x))-((y^0.62)-(x+x)))))/(x^x))*sin((z^y))))-((sqrt((z/y))^((xmaxy)maxz))minsqrt(sin((x^x))))))-(sin((abs(sin((x*y)))+abs(sqrt((y*z)))))-y)))
2,7,6,1.0,sqrt(((abs(y)-((abs(((x^z)^sin(x)))+(((sin(sin(sqrt((x^x))))^abs(((sin(x)/sin(x))-(((sqrt(abs((ymax((y*0.62)-y))))maxz)^0.62)-(x+x)))))/(x^x))*sin((z^y))))-((sqrt((z/y))^((xmaxy)maxz))minsqrt(sin((x^x))))))-(sin((abs(sin((x*y)))+abs(sqrt((y*z)))))-(sin(sin(sqrt((x^x))))^abs(((sin(x)/sin(x))-((y^0.62)-(x+x))))))))
2,7,7,1.0,sqrt(((abs(sin(abs(sin(cos(x)))))-((abs(((x^z)^sin(x)))+(((sin(sin(sqrt((x^x))))^abs(((sin(x)/sin(x))-((y^0.62)-(x+x)))))/(x^x))*sin((z^y))))-((sqrt((z/y))^y)minsqrt(sin((z^x))))))-(sin((abs(sin((x*0.62)))+abs(sqrt((y*z)))))-(sin(sin(sqrt((x^x))))^abs(((sin(x)/sin(x))-((y^0.62)-(x+x))))))))
2,7,8,0.0,sqrt(((abs(y)-((abs(((x^z)^sin(x)))+(((sin(sin(sqrt((x^x))))^abs(((sin(x)/sin(x))-((y^0.62)-(x+x)))))/(x^x))*sin((z^y))))-((sqrt((z/y))^((xmaxy)maxz))minsqrt(sin((x^x))))))-(sin((abs(sin((x*y)))+abs(sqrt((y*z)))))-(sin(sin(sqrt((x^x))))^abs(((sin(z)/sin(x))-((y^0.62)-(x+x))))))))
2,8,0,0.0,sqrt(((abs(y)-((abs(((x^z)^sin(x)))+(((sin(sin(sqrt((x^x))))^sin(sqrt((x^x))))/(x^x))*sin((z^y))))-((sqrt((z/y))^((xmaxy)maxz))minsqrt(sin((x^x))))))-(sin((abs(sin((x*y)))+abs(sqrt((y*z)))))-(sin(sin(sqrt((x^x))))^abs(((sin(x)/sin(x))-((y^0.62)-(x+x))))))))
2,8,1,1.0,sqrt(((abs(sin(abs(sin(cos(x)))))-((abs(((x^z)^sin(x)))+(((sin(sin(sqrt((x^x))))^abs(((sin(x)/sin(x))-((y^0.62)-(x+x)))))/(x^x))*sin((z^y))))-((sqrt((z/y))^y)minsqrt(sin((z^x))))))-(sin((abs(sin((x*0.62)))+abs(sqrt((y*z)))))-(sin(abs(((sin(x)/sin(x))-(((sqrt(abs((ymax((y*0.62)-y))))maxz)^0.62)-(x+x)))))^abs(((sin(x)/sin(x))-((y^0.62)-(x+x))))))))
2,8,2,0.0,sqrt(((abs(sin(abs(sin(cos(x)))))-((abs(((x^z)^sin(x)))+(((sin(sin(sqrt((x^x))))^abs(((sin(x)/abs((ymax(abs(((sin(x)/sin(x))-((y^0.62)-(x+x))))-y))))-((y^0.62)-(x+x)))))/(x^x))*sin((z^y))))-((sqrt((z/y))^((xmaxy)maxz))minsqrt(sin((z^x))))))-(sin((abs(sin((x*0.62)))+abs(sqrt((y*(ymax((y*0.62)-y)))))))-(sin(sin(sqrt((x^x))))^abs(((sin(x)/sin(x))-((y^0.62)-(x+x))))))))
2,8,3,0.0,sqrt(((abs(y)-((abs(((x^z)^sin(x)))+(((sin(sin(sqrt((x^x))))^abs(((sin(x)/sin(x))-(((sqrt(abs((ymax((y*0.62)-y))))maxz)^0.62)-(x+x)))))/(x^x))*sin((z^y))))-((sqrt((z/y))^((xmaxy)maxz))minsqrt(sin((x^x))))))-(sin((abs(sin((x*y)))+abs(sqrt((y*z)))))-(sin(sin(sqrt((x^x))))^(y*0.62)))))
2,8,4,1.0,sqrt(((abs(sin(abs(sin(cos(x)))))-((abs(((x^z)^sin(x)))+(((sin(sin(sqrt((x^x))))^abs(((sin(x)/abs((ymax((y*0.62)-y))))-((y^0.62)-(x+x)))))/(x^x))*sin((z^y))))-((sqrt((z/y))^(((sqrt((z/y))^((xmaxy)maxz))minsqrt(sin((x^x))))maxz))minsqrt(sin((z^x))))))-(sin((abs(sin((x*0.62)))+abs(sqrt((y*(ymax((y*0.62)-y)))))))-(sin(sin(sqrt((x^x))))^abs(((sin(x)/sin(x))-((y^0.62)-(x+x))))))))
2,8,5,1.0,sqrt(((abs(y)-((abs(((x^z)^sin(x)))+(((sin(sin(sqrt((x^x))))^abs(((sin(x)/sin(x))-((y^0.62)-(x+x)))))/(x^x))*sin((z^y))))-(xmaxy)))-(sin((abs(sin((x*y)))+abs(sqrt((y*z)))))-(sin(sin(sqrt((x^x))))^abs(((sin(x)/sin(x))-sin((abs(sin((x*0.62)))+abs(sqrt((y*z)))))))))))
2,8,6,0.0,sqrt(((abs(sin(abs(sin(cos(x)))))-((abs(((x^z)^sin(x)))+(((sin(sin(sqrt((x^x))))^abs(((sin(x)/abs((ymax((y*0.62)-y))))-((y^0.62)-(x+x)))))/(x^x))*sin((z^y))))-((sqrt((z/y))^((xmaxy)maxz))minsqrt(sin((z^x))))))-(sin((abs(sin((x*0.62)))+abs(sqrt((y*(ymax((y*0.62)-y)))))))-(sqrt((y*(ymax((y*0.62)-y))))^abs(((sin(x)/sin(x))-((y^0.62)-(x+x))))))))
2,8,7,1.0,sqrt(((abs(sin(abs(sin(cos(x)))))-((abs(((x^z)^sin(x)))+(((sin(sin(sqrt((x^x))))^abs(((sin(x)/abs((ymax((y*0.62)-y))))-((y^0.62)-(x+x)))))/(x^x))*sin((z^y))))-((sqrt((z/y))^((xmaxy)maxz))minsqrt(sin((z^x))))))-(sin((abs(sin((x*0.62)))+abs(sin(sin(sqrt((x^x)))))))-(sin(sin(sqrt((x^x))))^abs(((sin(x)/sin(x))-((y^0.62)-(x+x))))))))
2,8,8,1.0,sqrt(((abs(sin(abs(sin(cos(x)))))-((abs(((x^z)^sin(x)))+(((sin(sin(sqrt((x^x))))^abs(((sin(x)/abs((ymax((y*0.62)-y))))-(((sin(sin(sqrt((x^x))))^abs(((sin(x)/sin(x))-((y^0.62)-(x+x)))))^0.62)-(x+x)))))/(x^x))*sin((z^y))))-(yminsqrt(sin((z^x))))))-(sin((abs(sin((x*0.62)))+abs(sqrt((y*z)))))-(sin(sin(sqrt((x^x))))^abs(((sin(x)/sin(x))-((y^0.62)-(x+x))))))))
2,9,0,1.0,sqrt(((abs(sin(abs(sin(cos(x)))))-((abs(((x^z)^sin(x)))+(((sin(sin(sqrt((x^x))))^abs(((sin(x)/sin(x))-((y^0.62)-(x+x)))))/(x^x))*sin((z^y))))-((sqrt((z/y))^y)minsqrt(sin((z^x))))))-(sin((abs(sin((x*0.62)))+abs(sqrt((y*z)))))-(sin(abs(((sin(x)/sin(x))-(((sqrt(abs((ymax((y*0.62)-y))))maxz)^0.62)-(x+x)))))^abs(((sin(x)/sin(x))-((y^0.62)-(x+x))))))))
2,9,1,0.0,sqrt(((abs(y)-((abs(((x^z)^sin(x)))+(((sin(sin(sqrt((x^x))))^abs(((sin(x)/sin(x))-((y^0.62)-(x+x)))))/(x^x))*sin((z^y))))-(xmaxy)))-(sin((abs(sin((x*y)))+abs(sqrt((y*z)))))-(sin(sin(sqrt((x^x))))^abs(((sin(x)/sin(x))-sin((abs(sin((x*0.62)))+abs(sqrt((y*z)))))))))))
2,9,2,2.0,sqrt(((abs(sin(abs(sin(cos(x)))))-((abs(((x^z)^sin(x)))+(((sin(sin(sqrt((x^x))))^abs(((sin(x)/abs((ymax((y*0.62)-(x+x)))))-((y^0.62)-(x+x)))))/(x^x))*sin((z^y))))-((sqrt((z/y))^(((sqrt((z/y))^((xmaxy)maxz))minsqrt(sin((x^x))))maxz))minsqrt(sin((z^x))))))-(sin((abs(sin((x*0.62)))+abs(sqrt((y*(ymax((y*0.62)-y)))))))-(sin(sin(sqrt((x^x))))^abs(((sin(x)/sin(x))-((y^0.62)-(x+x))))))))
2,9,3,0.0,sqrt(((abs(sin(abs(sin(cos(x)))))-((abs(((x^z)^sin(x)))+(((sin(sin(sqrt((x^x))))^abs(((sin(x)/abs((ymax((y*0.62)-y))))-((y^0.62)-y))))/(x^x))*sin((z^y))))-((sqrt((z/y))^(((sqrt((z/y))^((xmaxy)maxz))minsqrt(sin((x^x))))maxz))minsqrt(sin((z^x))))))-(sin((abs(sin((x*0.62)))+abs(sqrt((y*(ymax((y*0.62)-y)))))))-(sin(sin(sqrt((x^x))))^abs(((sin(x)/sin(x))-((y^0.62)-(x+x))))))))
2,9,4,0.0,sqrt(((abs(sin(abs(sin(cos(x)))))-((abs(((x^z)^sin(x)))+(((sin(sin(sqrt((x^x))))^abs(((sin(x)/abs((ymax((y*0.62)-y))))-((y^0.62)-(x+x)))))/(x^x))*sin((z^y))))-((sqrt((z/y))^(((sqrt((z/y))^((xmaxy)maxz))minsqrt(abs(y)))maxz))minsqrt(sin((z^x))))))-(sin((abs(sin((x*0.62)))+abs(sqrt((y*(ymax((y*0.62)-y)))))))-(sin(sin(sqrt((x^x))))^abs(((sin(x)/sin(x))-((y^0.62)-(x+x))))))))
2,9,5,1.0,sqrt(((sin((x^x))-((abs(((x^z)^sin(x)))+(((sin(sin(sqrt((x^x))))^abs(((sin(x)/sin(x))-((y^0.62)-(x+x)))))/(x^x))*sin((z^y))))-(xmaxy)))-(sin((abs(sin((x*y)))+abs(sqrt((y*z)))))-(sin(sin(sqrt((x^x))))^abs(((sin(x)/sin(x))-sin((abs(sin((x*0.62)))+abs(sqrt((y*z)))))))))))
2,9,6,1.0,sqrt(((abs(sin(abs(sin(cos(x)))))-((abs(((x^z)^sin(x)))+(((sin(sin(sqrt((x^x))))^abs(((sin(x)/sin(x))-((y^0.62)-(x+x)))))/(x^x))*sin((z^y))))-((sqrt((z/y))^y)minsqrt(sin((z^x))))))-(sin((abs(sin((x*0.62)))+abs(sqrt((y*z)))))-(sin(abs(((sin(x)/sin(x))-(((sqrt(abs((ymax((y*0.62)-y))))maxz)^0.62)-(x+x)))))^abs(((sin(x)/sin(x))-((y^y)-(x+x))))))))
2,9,7,0.0,sqrt(((abs(y)-((abs(((x^z)^sin(x)))+(((sin(sin(sqrt((x^x))))^abs(((sin(x)/sin(x))-((y^0.62)-(x+x)))))/(x^x))*sin((z^y))))-(xmaxy)))-(sin((abs(sin((x*y)))+abs(sqrt((0.62*z)))))-(sin(sin(sqrt((x^x))))^abs(((sin(x)/sin(x))-sin((abs(sin((x*0.62)))+abs(sqrt((y*z)))))))))))
2,9,8,1.0,sqrt(((abs(y)-((abs(((x^z)^sin(x)))+(((sin(sin(sqrt((x^x))))^abs(((sin(x)/sin(x))-((y^0.62)-(x+x)))))/(x^x))*sin((z^y))))-(xmaxy)))-0.62))
2,10,0,1.0,sqrt(((sin((x^x))-((abs(((x^z)^sin(x)))+(((sin(sin(sqrt((x^x))))^abs(((sin(x)/sin(x))-((y^0.62)-(x+x)))))/(x^x))*sin((z^y))))-(xmaxy)))-(sin((abs(sin((x*y)))+abs(sqrt((y*z)))))-(sin((x^x))^abs(((sin(x)/sin(x))-sin((abs(sin((x*0.62)))+abs(sqrt((y*z)))))))))))
2,10,1,0.0,sqrt(((sin((x^x))-((abs(((x^z)^sin(x)))+(((sin(sin(sqrt(sin(sqrt((x^x))))))^abs(((sin(x)/sin(x))-((y^0.62)-(x+x)))))/(x^x))*sin((z^y))))-(xmaxy)))-(sin((abs(sin((x*y)))+abs(sqrt((y*z)))))-(sin(sin(sqrt((x^x))))^abs(((sin(x)/sin(x))-sin((abs(sin((x*0.62)))+abs(sqrt((y*z)))))))))))
2,10,2,2.0,sqrt(((abs(y)-((abs(((x^z)^sin(x)))+(((sin(sin(sqrt((x^x))))^abs(((sin(x)/sin(x))-((y^0.62)-(x+x)))))/(x^x))*sin((z^y))))-(xmaxy)))-0.62))
2,10,3,0.0,sqrt(((abs(y)-((abs(((x^z)^sin(x)))+(((sin(sin(sqrt((x^x))))^abs(((sin(x)/sin(x))-((y^0.62)-(x+x)))))/(x^x))*sin((z^y))))-(xmaxy)))-0.62))
2,10,4,0.0,sqrt(((abs(sin(abs(sin(cos(x)))))-((abs(((x^z)^sin(x)))+(((sin(sin(sqrt((x^x))))^abs(((sin(x)/sin(x))-((y^0.62)-(x+x)))))/(x^x))*sin((z^y))))-((((sin(x)/sin(x))-sin((abs(sin((x*0.62)))+abs(sqrt((y*z))))))^y)minsqrt(sin((z^x))))))-(sin((abs(sin((x*0.62)))+abs(sqrt((y*z)))))-(sin(abs(((sin(x)/sin(x))-(((sqrt(abs((ymax((y*0.62)-y))))maxz)^0.62)-(x+x)))))^abs(((sin(x)/sin(x))-((y^y)-(x+x))))))))
2,10,5,1.0,sqrt(((sin((x^x))-((abs(((x^z)^sin(x)))+(((sin(sin(sqrt((x^x))))^abs(((sin(x)/sin(x))-((y^0.62)-(x+x)))))/(x^x))*sin((z^y))))-(xmaxy)))-(sin((abs(sin((x*y)))+abs(sqrt((y*z)))))-(sin(sin(sqrt((x^x))))^abs(y)))))
2,10,6,1.0,sqrt(((abs(y)-((abs(((x^z)^sin(x)))+(((sin(sin(sqrt((x^x))))^abs(((sin(x)/z)-((y^0.62)-(x+x)))))/(x^x))*sin((z^y))))-(xmaxy)))-0.62))
2,10,7,0.0,sqrt(((abs(sin(abs(sin(cos(x)))))-((abs(((x^sin(x))^sin(x)))+(((sin(sin(sqrt((x^x))))^abs(((sin(x)/sin(x))-((y^0.62)-(x+x)))))/(x^x))*sin((z^y))))-((sqrt((z/y))^y)minsqrt(sin((z^x))))))-(sin((abs(sin((x*0.62)))+abs(sqrt((y*z)))))-(sin(abs(((sin(x)/sin(x))-(((sqrt(abs((ymax((y*0.62)-y))))maxz)^0.62)-(x+x)))))^abs(((sin(x)/sin(x))-((y^y)-(x+x))))))))
2,10,8,1.0,sqrt(((abs(y)-((abs(((x^z)^sin(x)))+(sin((z^y))*sin((z^y))))-(xmaxy)))-0.62))
3,1,0,0.0,((((abs((((z*z)min(z^0.62))+(abs(0.62)/sin(z))))^(abs((sqrt(0.62)min(0.62/z)))maxabs(((x*0.62)/(0.62-z)))))max(((cos(abs(x))/(cos(x)+(xmaxx)))max(sin((y/x))min((z-0.62)+cos(x))))*sin(((sqrt(0.62)max(z/x))^abs(sqrt(0.62))))))-((((abs((yminz))*(cos(x)maxcos(x)))-abs(sin((y+z))))min((((yminy)min(z*y))-cos((xminy)))min((sin(x)max(0.62/x))+((y/0.62)/cos(z)))))+((((sin(z)/(y+z))maxsqrt((yminx)))max(((ymax0.62)maxabs(x))^cos((z+0.62))))-((abs((ymaxx))/((y+y)^abs(z)))^((sqrt(y)/(x-0.62))*(cos(y)max(y^x)))))))/cos(sqrt(sqrt((sin(abs((xmaxy)))^abs(abs(sqrt(x))))))))
3,1,1,0.0,(abs((((abs(cos((x^y)))*(((x+z)-(x-x))^((z^x)*(0.62/z))))*(abs(sin((ymin0.62)))*((abs(0.62)+(0.62maxy))*((z/0.62)+(z*0.62)))))^((abs(((yminz)*sin(x)))-((sin(z)minsqrt(y))-cos((0.62-y))))/((((zmaxx)minsin(x))^sqrt((y*y)))max(sin((x+y))+(sqrt(x)min(z-0.62)))))))+(sin((((((y-x)^(0.62max0.62))/cos((zmaxx)))minsqrt(sqrt((y^0.62))))max(((abs(0.62)*(z-x))-sin((z/0.62)))*((cos(y)/(x/z))*(cos(x)-sqrt(y))))))^sin((sqrt((((y/y)maxcos(y))*sqrt(sqrt(x))))min(((sqrt(x)min(z-0.62))*sin((y+z)))/((sin(0.62)max(0.62/z))+cos((z^z))))))))
3,1,2,0.0,cos(y)
3,1,3,1.0,(abs(sqrt((sin(cos(cos(sqrt(y))))max(((abs(z)-cos(z))*sqrt((z+z)))+sqrt(abs((y/y)))))))+((((sqrt(abs(sin(0.62)))min(sqrt((0.62^z))+sin((y-x))))+(sin(cos((z+z)))/sqrt((abs(z)^(xmin0.62)))))^(abs(((sqrt(x)-(y^z))/sqrt(cos(z))))max(sqrt(sqrt((x-0.62)))-(abs(abs(0.62))min((x^z)*(0.62min0.62))))))^abs(((((sin(y)maxabs(y))^((xminx)min(0.62*x)))-cos(((z^y)+(y-0.62))))+sin((abs((xminx))+cos((y+y))))))))
3,1,4,1.0,abs(((x^abs(sqrt(z)))+abs(y)))
3,1,5,0.0,((cos(cos(abs(abs(((zmin0.62)^sqrt(z))))))-((cos((((xmin0.62)+(xmaxz))minsin((x-z))))max(cos(((x/0.62)*sin(z)))maxsin(((y^x)/(0.62^x)))))max(cos(abs((abs(x)-sqrt(y))))^abs(sin(((z^x)*sqrt(y)))))))/sin(((abs((((0.62min0.62)max(z-x))+cos((y^x))))-((sin(sin(y))-((y/x)mincos(0.62)))-((abs(y)^(zminy))minsqrt((y^y)))))min(((((x+y)+(zmaxy))maxabs((x^0.62)))+(((y-y)max(x^0.62))+((0.62+y)max(x^z))))-sqrt(sin(((y^x)/(y*y))))))))
3,1,6,3.0,((z*(abs(abs(sin(((y*z)^x))))/abs(((sqrt(sqrt(0.62))+cos(y))+abs(((0.62^0.62)maxabs(x)))))))^sqrt(sqrt(((0.62*cos(sin(x)))^sqrt(0.62)))))
3,1,7,0.0,x
3,1,8,3.0,(cos((sin(((((y-z)max(y+y))*(sin(0.62)max(ymaxy)))+sqrt(((x+y)max(0.62*y)))))max((sin(sqrt(sin(y)))/(((x^0.62)*(zmaxz))*(sqrt(y)-(x*x))))maxcos(abs(sqrt((ymaxz)))))))-cos((abs(((((y/x)maxcos(x))minsin(sqrt(y)))/(abs(sin(x))/(cos(z)+sin(z)))))*(abs(cos(((y/z)/(x*z))))maxcos(cos(sin(cos(0.62))))))))
3,2,0,0.0,abs(((x^x)+abs(y)))
3,2,1,2.0,(abs(sqrt((sin(cos(cos(sqrt(y))))max(((abs(z)-cos(z))*sqrt((z+z)))+sqrt(abs((y/y)))))))+((((sqrt(abs(sin(0.62)))min(sqrt((0.62^z))+sin((y-x))))+(sin(cos((z+z)))/sqrt((abs(z)^(xmin0.62)))))^(abs(((sqrt(abs(sqrt(z)))-(y^z))/sqrt(cos(z))))max(sqrt(sqrt((x-0.62)))-(abs(abs(0.62))min((x^z)*(0.62min0.62))))))^abs(((((sin(y)maxabs(y))^((xminx)min(0.62*x)))-cos(((z^y)+(y-0.62))))+sin((abs((xminx))+cos((y+y))))))))
3,2,2,1.0,(abs(sqrt((sin(cos(cos(sqrt(y))))max(((abs(z)-cos(z))*sqrt((z+z)))+sqrt(abs((y/y)))))))+((((sqrt(abs(sin(0.62)))min(sqrt((0.62^z))+sin((y-x))))+(sin(cos((z+z)))/sqrt((abs(z)^(xmin0.62)))))^(abs(((sqrt(x)-(y^z))/sqrt(cos(z))))max(sqrt(sqrt((x-0.62)))-(abs(abs(0.62))min((x^z)*(((y/x)maxcos(x))min0.62))))))^abs(((((sin(y)maxabs(y))^((xminx)min(0.62*x)))-cos(((z^y)+(y-0.62))))+sin((abs((xminx))+cos((y+y))))))))
3,2,3,3.0,(cos((sin(((((y-z)max(y+y))*(sin(0.62)max(ymaxy)))+sqrt(((x+y)max(0.62*y)))))max((sin(sqrt(sin(y)))/(((x^0.62)*(zmaxz))*(sqrt(y)-(x*x))))maxcos(abs(sqrt((ymaxz)))))))-cos((abs(((0.62minsin(sqrt(y)))/(abs(sin(x))/(cos(z)+sin(z)))))*(abs(cos(((y/z)/(x*z))))maxcos(cos(sin(cos(0.62))))))))
3,2,4,0.0,abs(((x^abs(sqrt(z)))+abs(z)))
3,2,5,3.0,(cos((sin(((((y-z)max(y+y))*(sin(0.62)max(ymaxy)))+sqrt(((x+y)max(0.62*y)))))max((sin(sqrt(sin(y)))/(((x^0.62)*(zmaxz))*(sqrt(y)-(x*x))))maxcos(abs(sqrt((ymaxz)))))))-cos((abs(((((y/x)maxcos(x))minsin(sqrt(y)))/(abs(sin(x))/(cos(z)+sin(z)))))*(abs(cos(((y/y)/(x*z))))maxcos(cos(sin(cos(0.62))))))))
3,2,6,2.0,((z*(abs(abs(sin(((y*z)^x))))/abs(((sqrt(sqrt(0.62))+cos(sqrt(z)))+abs(((0.62^0.62)maxabs(x)))))))^sqrt(sqrt(((0.62*cos(sin(x)))^sqrt(0.62)))))
3,2,7,0.0,abs(((x^abs(y))+abs(y)))
3,2,8,0.0,abs(((y/x)+abs(y)))
3,3,0,3.0,((z*(abs(abs(sin(((y*z)^x))))/abs(((sqrt(sqrt(0.62))+cos(sqrt(z)))+abs(((0.62^0.62)maxabs(x)))))))^sqrt(sqrt(((cos(cos(sin(cos(0.62))))*cos(sin(x)))^sqrt(0.62)))))
3,3,1,0.0,(cos((sin(((((y-z)max(y+y))*(sin(0.62)max(ymaxy)))+sqrt(((x+y)max(0.62*y)))))max((sin(sqrt(sin(y)))/(((x^0.62)*(zmaxz))*(sqrt(y)-(x*x))))maxcos(abs(sqrt((ymaxz)))))))-cos((abs(((0.62minsin(sqrt(y)))/(abs(sin(x))/(cos(z)+sin(z)))))*(abs(cos(((y/z)/(x*z))))max0.62))))
3,3,2,2.0,(cos((sin((((xmax(y+y))*(sin(0.62)max(ymaxy)))+sqrt(((x+y)max(0.62*y)))))max((sin(sqrt(sin(y)))/(((x^0.62)*(zmaxz))*(sqrt(y)-(x*x))))maxcos(abs(sqrt((ymaxz)))))))-cos((abs(((((y/x)maxcos(x))minsin(sqrt(y)))/(abs(sin(x))/(cos(z)+sin(z)))))*(abs(cos(((y/y)/(x*z))))maxcos(cos(sin(cos(0.62))))))))
3,3,3,3.0,(cos((sin(((((y-z)max(y+y))*(sin(0.62)max(ymaxy)))+sqrt(((x+y)max(0.62*y)))))max((sin(sqrt(sin(y)))/(((x^0.62)*(zmaxz))*(sqrt(y)-((y-z)*x))))maxcos(abs(sqrt((ymaxz)))))))-cos((abs(((0.62minsin(sqrt(y)))/(abs(sin(x))/(cos(z)+sin(z)))))*(abs(cos(((y/z)/(x*z))))maxcos(cos(sin(cos(0.62))))))))
3,3,4,1.0,(abs(sqrt((sin(cos(cos(sqrt(y))))max(((abs(z)-cos(z))*sqrt((z+z)))+sqrt(abs((y/y)))))))+((((sqrt(abs(sin(0.62)))min(sqrt((0.62^z))+sin((y-x))))+(sin(cos((z+z)))/sqrt((abs(z)^(xmin0.62)))))^(abs(((sqrt(abs(sqrt(z)))-(y^z))/sqrt(cos(z))))max(((y/y)/(x*z))-(abs(abs(0.62))min((x^z)*(0.62min0.62))))))^abs(((((sin(y)maxabs(y))^((xminx)min(0.62*x)))-cos(((z^y)+(y-0.62))))+sin((abs((xminx))+cos((y+y))))))))
3,3,5,0.0,(cos((sin(((((y-z)max(y+y))*(sin(0.62)max(ymaxy)))+sqrt(((x+y)max(0.62*y)))))max((sin(sqrt(sin(y)))/(((x^0.62)*(zmaxz))*(sqrt(y)-(x*x))))maxcos(abs(sqrt((ymaxz)))))))-cos((abs(((((y/x)maxcos(x))minsin(sqrt(y)))/(abs(sin(x))/(cos(z)+sin(z)))))*(abs(cos(sqrt(sqrt((x-0.62)))))maxcos(cos(sin(cos(0.62))))))))
3,3,6,0.0,((z*z)^sqrt(sqrt(((0.62*cos(sin(x)))^sqrt(0.62)))))
3,3,7,2.0,(cos((sin(((((y-z)max(y+y))*(sin(0.62)max(ymaxy)))+sqrt(((x+y)max(0.62*y)))))max((sin(sqrt(sin(y)))/(((x^0.62)*(zmax(abs(abs(sin(((y*z)^x))))/abs(((sqrt(sqrt(0.62))+cos(sqrt(z)))+abs(((0.62^0.62)maxabs(x))))))))*(sqrt(y)-(x*x))))maxcos(abs(sqrt((ymaxz)))))))-cos((abs(((((y/x)maxcos(x))minsin(sqrt(y)))/(abs(sin(x))/(cos(z)+sin(z)))))*(abs(cos(((y/y)/(x*z))))maxcos(cos(sin(cos(0.62))))))))
3,3,8,2.0,(cos((sin(((((y-z)max(y+y))*(sin(0.62)max(ymaxy)))+sqrt(((x+y)max(0.62*y)))))max((sin(sqrt(sin(y)))/(((x^0.62)*x)*(sqrt(y)-(x*x))))maxcos(abs(sqrt((ymaxz)))))))-cos((abs(((0.62minsin(sqrt(y)))/(abs(sin(x))/(cos(z)+sin(z)))))*(abs(cos(((y/z)/(x*z))))maxcos(cos(sin(cos(0.62))))))))
3,4,0,3.0,((z*(abs(abs(sin(((y*z)^x))))/abs(((sqrt(sqrt(0.62))+cos(sqrt(z)))+abs(((0.62^0.62)maxabs(x)))))))^sqrt(sqrt(((cos(cos(sin(cos(0.62))))*cos(sin(x)))^sqrt(0.62)))))
3,4,1,0.0,((z*(abs(abs(sin(((y*z)^x))))/abs(((sqrt(sqrt(0.62))+cos(sqrt(z)))+abs(((0.62^0.62)maxabs(x)))))))^sqrt(sqrt(((cos(cos(sin(cos(0.62))))*cos(sin(x)))^sqrt(0.62)))))
3,4,2,0.0,((z*(abs(abs(sin(((y*z)^x))))/abs(((sqrt(sqrt(0.62))+cos(sqrt(z)))+abs(((0.62^0.62)maxabs(x)))))))^sqrt(sqrt(((cos(0.62)*cos(sin(x)))^sqrt(0.62)))))
3,4,3,0.0,((z*(abs(abs(sin(((y*z)^x))))/abs(((sqrt(sqrt(0.62))+cos(sqrt(z)))+abs(((0.62^0.62)maxabs(x)))))))^sqrt(sqrt(((cos(cos(sin(cos(cos(sin(cos(0.62)))))))*cos(sin(x)))^sqrt(0.62)))))
3,4,4,2.0,((x*(abs(abs(sin(((y*z)^x))))/abs(((sqrt(sqrt(0.62))+cos(sqrt(z)))+abs(((0.62^0.62)maxabs(x)))))))^sqrt(sqrt(((cos(cos(sin(cos(0.62))))*cos(sin(x)))^sqrt(0.62)))))
3,4,5,0.0,((z*(abs(abs(sin(((y*z)^z))))/abs(((sqrt(sqrt(0.62))+cos(sqrt(z)))+abs(((0.62^0.62)maxabs(x)))))))^sqrt(sqrt(((cos(cos(sin(cos(0.62))))*cos(sin(x)))^sqrt(0.62)))))
3,4,6,0.0,((z*(abs(abs((z*(abs(abs(sin(((y*z)^x))))/abs(((sqrt(sqrt(0.62))+cos(sqrt(z)))+abs(((0.62^0.62)maxabs(x)))))))))/abs(((sqrt(sqrt(0.62))+cos(sqrt(z)))+abs(((0.62^0.62)maxabs(x)))))))^sqrt(sqrt(((cos(cos(sin(cos(0.62))))*cos(sin(x)))^sqrt(0.62)))))
3,4,7,0.0,(sin(((y*z)^x))^sqrt(sqrt(((cos(cos(sin(cos(0.62))))*cos(sin(x)))^sqrt(0.62)))))
3,4,8,1.0,((z*(abs(abs(sin(((y*z)^x))))/abs(((sqrt(sqrt(0.62))+cos(sqrt(sin(x))))+abs(((0.62^0.62)maxabs(x)))))))^sqrt(sqrt(((cos(cos(sin(cos(0.62))))*cos(sin(x)))^sqrt(0.62)))))
3,5,0,0.0,((x*0.62)^sqrt(sqrt(((cos(cos(sin(cos(0.62))))*cos(sin(x)))^sqrt(0.62)))))
3,5,1,0.0,((x*(abs(abs(sin(((y*z)^x))))/abs(((sqrt(sqrt(0.62))+cos(sqrt(z)))+abs(((0.62^0.62)maxabs(x)))))))^sqrt(sqrt(((cos(cos(sin(cos(x))))*cos(sin(x)))^sqrt(0.62)))))
3,5,2,2.0,((x*(abs(abs(sin(((y*z)^x))))/abs(((sqrt(sqrt(0.62))+cos(sqrt(z)))+abs(((0.62^0.62)maxabs(x)))))))^sqrt(sqrt(((cos(cos(sin(cos(sin(cos(0.62))))))*cos(sin(x)))^sqrt(0.62)))))
3,5,3,0.0,((x*(abs(abs(sin(((y*z)^x))))/abs(((sqrt(sqrt(0.62))+cos(sqrt(z)))+abs(((0.62^0.62)maxabs(x)))))))^sqrt(sqrt(((cos(cos(0.62))*cos(sin(x)))^sqrt(0.62)))))
3,5,4,0.0,((x*(abs(abs(sin(((y*z)^x))))/abs(((sqrt(sqrt(0.62))+cos(sqrt(z)))+abs(((0.62^0.62)maxabs(x)))))))^sqrt(sqrt(((cos(cos(sin(cos(abs(sin(((y*z)^x)))))))*cos(sin(x)))^sqrt(0.62)))))
3,5,5,0.0,((x*(abs(0.62)/abs(((sqrt(sqrt(0.62))+cos(sqrt(z)))+abs(((0.62^0.62)maxabs(x)))))))^sqrt(sqrt(((cos(cos(sin(cos(0.62))))*cos(sin(x)))^sqrt(0.62)))))
3,5,6,1.0,((z*x)^sqrt(sqrt(((cos(cos(sin(cos(0.62))))*cos(sin(x)))^sqrt(0.62)))))
3,5,7,3.0,((z*(abs(abs(sin(((y*z)^x))))/abs(((sqrt(sqrt(0.62))+cos(sqrt(z)))+abs(((0.62^0.62)maxabs((abs(abs(sin(((y*z)^x))))/abs(((sqrt(sqrt(0.62))+cos(sqrt(z)))+abs(((0.62^0.62)maxabs(x)))))))))))))^sqrt(sqrt(((cos(cos(sin(cos(0.62))))*cos(sin(x)))^sqrt(0.62)))))
3,5,8,3.0,((z*(abs(abs(sin(((y*z)^x))))/abs(((sqrt(sqrt(0.62))+cos(sqrt(z)))+abs((sin(((y*z)^x))maxabs(x)))))))^sqrt(sqrt(((cos(cos(sin(cos(0.62))))*cos(sin(x)))^sqrt(0.62)))))
3,6,0,0.0,((z*(abs(abs(sin(((y*z)^x))))/abs(((sqrt(sqrt(0.62))+cos(sqrt(z)))+abs(((0.62^0.62)maxabs((abs(abs(0.62))/abs(((sqrt(sqrt(0.62))+cos(sqrt(z)))+abs(((0.62^0.62)maxabs(x)))))))))))))^sqrt(sqrt(((cos(cos(sin(cos(0.62))))*cos(sin(x)))^sqrt(0.62)))))
3,6,1,3.0,((z*(abs(abs(sin(((y*z)^x))))/abs(((sqrt(sqrt(0.62))+cos(sqrt(z)))+abs(((0.62^sin(((y*z)^x)))maxabs((abs(abs(sin(((y*z)^x))))/abs(((sqrt(sqrt(0.62))+cos(sqrt(z)))+abs(((0.62^0.62)maxabs(x)))))))))))))^sqrt(sqrt(((cos(cos(sin(cos(0.62))))*cos(sin(x)))^sqrt(0.62)))))
3,6,2,2.0,((z*(abs(abs(x))/abs(((sqrt(sqrt(0.62))+cos(sqrt(z)))+abs(((0.62^0.62)maxabs((abs(abs(sin(((y*z)^x))))/abs(((sqrt(sqrt(0.62))+cos(sqrt(z)))+abs(((0.62^0.62)maxabs(x)))))))))))))^sqrt(sqrt(((cos(cos(sin(cos(0.62))))*cos(sin(x)))^sqrt(0.62)))))
3,6,3,0.0,((z*(abs(abs(sin(((y*z)^x))))/abs(((sqrt(sqrt(0.62))+cos(sqrt(z)))+abs((sin(((y*z)^sin(((y*z)^x))))maxabs(x)))))))^sqrt(sqrt(((cos(cos(sin(cos(0.62))))*cos(sin(x)))^sqrt(0.62)))))
3,6,4,0.0,((z*(abs(abs(sin(((y*z)^x))))/abs(((sqrt(sqrt(0.62))+cos(sqrt(z)))+abs(((0.62^0.62)maxabs((abs(abs(sin(((y*z)^x))))/abs(((sqrt(sqrt(((cos(cos(sin(cos(0.62))))*cos(sin(x)))^sqrt(0.62))))+cos(sqrt(z)))+abs(((0.62^0.62)maxabs(x)))))))))))))^sqrt(sqrt(((cos(cos(sin(cos(0.62))))*cos(sin(x)))^sqrt(0.62)))))
3,6,5,0.0,((z*(abs(abs(sin(((y*z)^x))))/abs(((sqrt(sqrt(0.62))+cos(sqrt(z)))+abs((sin(((y*z)^x))maxabs(x)))))))^sqrt(sqrt(0.62)))
3,6,6,0.0,((z*(abs(abs(sin(((y*z)^x))))/abs(((sqrt(sqrt(0.62))+cos(sqrt(z)))+abs(((0.62^0.62)maxabs((abs(abs(sin(((y*z)^x))))/abs(cos(cos(sin(cos(0.62)))))))))))))^sqrt(sqrt(((cos(cos(sin(cos(0.62))))*cos(sin(x)))^sqrt(0.62)))))
3,6,7,1.0,((z*x)^sqrt(sqrt(((cos(cos(sin(cos(0.62))))*((sqrt(sqrt(0.62))+cos(sqrt(z)))+abs(((0.62^0.62)maxabs(x)))))^sqrt(0.62)))))
3,6,8,3.0,((z*(abs(abs(sin(((y*z)^x))))/abs((y*z))))^sqrt(sqrt(((cos(cos(sin(cos(0.62))))*cos(sin(x)))^sqrt(0.62)))))
3,7,0,0.0,((z*(abs(abs(x))/abs(((sqrt(sqrt(0.62))+cos(sqrt(z)))+abs(((0.62^0.62)maxabs((abs(abs(sin(((y*z)^x))))/abs(((sqrt(sqrt(0.62))+cos(sqrt(z)))+abs(((0.62^0.62)maxabs(x)))))))))))))^sqrt(sqrt(((cos(cos(sin(cos(0.62))))*cos(sin(x)))^sqrt(0.62)))))
3,7,1,1.0,((z*(abs(abs(sin(((y*z)^x))))/abs(((sqrt(sqrt(0.62))+cos(sqrt(z)))+x))))^sqrt(sqrt(((cos(cos(sin(cos(0.62))))*cos(sin(x)))^sqrt(0.62)))))
3,7,2,0.0,((z*(abs(abs(sin((abs(abs(sin(((y*z)^x))))/abs((y*z))))))/abs(((sqrt(sqrt(0.62))+cos(sqrt(z)))+abs(((0.62^sin(((y*z)^x)))maxabs((abs(abs(sin(((y*z)^x))))/abs(((sqrt(sqrt(0.62))+cos(sqrt(z)))+abs(((0.62^0.62)maxabs(x)))))))))))))^sqrt(sqrt(((cos(cos(sin(cos(0.62))))*cos(sin(x)))^sqrt(0.62)))))
3,7,3,2.0,((z*((y*z)^x))^sqrt(sqrt(((cos(cos(sin(cos(0.62))))*cos(sin(x)))^sqrt(0.62)))))
3,7,4,2.0,((z*(abs(abs(sin(((y*z)^x))))/abs(((sqrt(sqrt(0.62))+cos(sqrt(z)))+abs(((0.62^sin(((y*z)^x)))maxabs((abs(abs(sin(((y*z)^x))))/abs(((sqrt(sqrt(0.62))+cos(sqrt(z)))+abs(((0.62^0.62)maxabs(x)))))))))))))^sqrt(sqrt(((cos(cos(sin(cos(0.62))))*cos(sin(x)))^z))))
3,7,5,2.0,((z*(abs(abs(sin(((y*sqrt(0.62))^x))))/abs((y*z))))^sqrt(sqrt(((cos(cos(sin(cos(0.62))))*cos(sin(x)))^sqrt(0.62)))))
3,7,6,0.0,((z*(abs(abs(sin(((y*z)^x))))/abs(((sqrt(((cos(cos(sin(cos(0.62))))*cos(sin(x)))^sqrt(0.62)))+cos(sqrt(z)))+abs(((0.62^sin(((y*z)^x)))maxabs((abs(abs(sin(((y*z)^x))))/abs(((sqrt(sqrt(0.62))+cos(sqrt(z)))+abs(((0.62^0.62)maxabs(x)))))))))))))^sqrt(sqrt(((cos(cos(sin(cos(0.62))))*cos(sin(x)))^sqrt(0.62)))))
3,7,7,0.0,((z*(abs(abs(x))/abs(((sqrt(sqrt(0.62))+cos(sqrt(z)))+abs(((0.62^0.62)maxabs((abs(abs(sin(((y*z)^x))))/abs(((sqrt(sqrt(0.62))+cos(sqrt(z)))+abs(((0.62^0.62)maxabs(x)))))))))))))^sqrt(sqrt(sqrt(0.62))))
3,7,8,3.0,((z*(abs(abs(sin(((y*z)^x))))/abs(((sqrt(sqrt(0.62))+cos(sqrt(z)))+abs(((0.62^sin(((y*z)^x)))maxabs((abs(abs(sin(((y*z)^x))))/abs((0.62+abs(((0.62^0.62)maxabs(x)))))))))))))^sqrt(sqrt(((cos(cos(sin(cos(0.62))))*cos(sin(x)))^sqrt(0.62)))))
3,8,0,0.0,((z*(abs(abs(sin(((y*z)^x))))/abs(((sqrt(sqrt(0.62))+cos(sqrt(z)))+sin(((y*sqrt(0.62))^x))))))^sqrt(sqrt(((cos(cos(sin(cos(0.62))))*cos(sin(x)))^sqrt(0.62)))))
3,8,1,2.0,((z*(abs(abs(abs(((0.62^sin(((y*z)^x)))maxabs((abs(abs(sin(((y*z)^x))))/abs((0.62+abs(((0.62^0.62)maxabs(x)))))))))))/abs((y*z))))^sqrt(sqrt(((cos(cos(sin(cos(0.62))))*cos(sin(x)))^sqrt(0.62)))))
3,8,2,2.0,((z*((y*z)^x))^sqrt(sqrt((y^sqrt(0.62)))))
3,8,3,0.0,((z*(abs(abs(sin((((cos(cos(sin(cos(0.62))))*cos(sin(x)))*sqrt(0.62))^x))))/abs((y*z))))^sqrt(sqrt(((cos(cos(sin(cos(0.62))))*cos(sin(x)))^sqrt(0.62)))))
3,8,4,0.0,((z*(abs(abs(sin(((y*z)^x))))/abs(((sqrt(sqrt(0.62))+cos(sqrt(z)))+abs(((0.62^sin(((y*z)^x)))maxabs((abs(abs(sin(((y*z)^x))))/abs((0.62+abs(((0.62^0.62)maxabs(x)))))))))))))^sqrt(sqrt(((cos(cos(sin(cos(0.62))))*y)^sqrt(0.62)))))
3,8,5,3.0,((z*(abs(abs(sin(((y*z)^x))))/abs(((sqrt(sqrt(0.62))+cos(sqrt(z)))+abs(((0.62^sin(((cos(cos(sin(cos(0.62))))*z)^x)))maxabs((abs(abs(sin(((y*z)^x))))/abs((0.62+abs(((0.62^0.62)maxabs(x)))))))))))))^sqrt(sqrt(((cos(cos(sin(cos(0.62))))*cos(sin(x)))^sqrt(0.62)))))
3,8,6,1.0,((sin(x)*(abs(abs(sin(((y*sqrt(0.62))^x))))/abs((y*z))))^sqrt(sqrt(((cos(cos(sin(cos(0.62))))*cos(sin(x)))^sqrt(0.62)))))
3,8,7,3.0,((z*(abs(abs(sin(((y*z)^x))))/abs(((sqrt(sqrt(0.62))+cos(sqrt(z)))+abs(((0.62^sin(((y*z)^x)))maxabs((abs(abs(sin(((y*z)^x))))/abs((0.62+abs(((0.62^0.62)maxabs(x)))))))))))))^sqrt(sqrt(((cos(cos(sin(cos(0.62))))*cos(z))^sqrt(0.62)))))
3,8,8,1.0,((z*(abs(abs(sin(((y*sqrt(0.62))^x))))/abs((y*z))))^0.62)
3,9,0,0.0,((z*(abs(abs(sin(((y*z)^x))))/abs(((sqrt(sqrt(0.62))+cos(sqrt(z)))+abs(((0.62^sin(((cos(cos(sin(cos(0.62))))*z)^x)))maxabs((abs(abs(sin(((y*z)^(0.62+abs(((0.62^0.62)maxabs(x))))))))/abs((0.62+abs(((0.62^0.62)maxabs(x)))))))))))))^sqrt(sqrt(((cos(cos(sin(cos(0.62))))*cos(sin(x)))^sqrt(0.62)))))
3,9,1,2.0,((z*(abs(abs(abs(((0.62^sin(((y*z)^x)))maxabs((abs(abs(sin(((y*z)^x))))/abs(x)))))))/abs((y*z))))^sqrt(sqrt(((cos(cos(sin(cos(0.62))))*cos(sin(x)))^sqrt(0.62)))))
3,9,2,3.0,((z*(abs(abs(abs(((0.62^sin(((y*z)^x)))maxabs((abs(abs(sin(((y*z)^x))))/abs((0.62+abs(((0.62^0.62)maxabs(x)))))))))))/abs((y*z))))^sqrt(sqrt(((cos(cos(sin(cos((sqrt(sqrt(0.62))+cos(sqrt(z)))))))*cos(sin(x)))^sqrt(0.62)))))
3,9,3,0.0,((z*(abs(abs(sin(((y*z)^x))))/abs((0.62+abs(((0.62^sin(((cos(cos(sin(cos(0.62))))*z)^x)))maxabs((abs(abs(sin(((y*z)^x))))/abs((0.62+abs(((0.62^0.62)maxabs(x)))))))))))))^sqrt(sqrt(((cos(cos(sin(cos(0.62))))*cos(sin(x)))^sqrt(0.62)))))
3,9,4,3.0,((z*(abs(abs(sin(((y*z)^x))))/abs(((sqrt(sqrt(0.62))+cos(sqrt(0.62)))+abs(((0.62^sin(((cos(cos(sin(cos(0.62))))*z)^x)))maxabs((abs(abs(sin(((y*z)^x))))/abs((0.62+abs(((0.62^0.62)maxabs(x)))))))))))))^sqrt(sqrt(((cos(cos(sin(cos(0.62))))*cos(sin(x)))^sqrt(0.62)))))
3,9,5,2.0,((z*(abs(abs(sin(((y*z)^x))))/abs(((sqrt(sqrt(0.62))+cos(sqrt(z)))+abs(((0.62^sin(((cos(cos(sin(cos(0.62))))*z)^x)))maxabs((abs(abs(sin(((y*z)^x))))/abs((0.62+abs(((0.62^0.62)maxabs(x)))))))))))))^sqrt(sqrt(((cos(cos(sin(cos(0.62))))*cos(sin(x)))^sqrt(z)))))
3,9,6,0.0,((z*(abs(abs(sin(((y*z)^x))))/abs(((sqrt(sqrt(0.62))+cos(sqrt(z)))+abs(((0.62^sin(((cos(cos(sin(cos(0.62))))*z)^x)))max(0.62^sin(((cos(cos(sin(cos(0.62))))*z)^x)))))))))^sqrt(sqrt(((cos(cos(sin(cos(0.62))))*cos(sin(x)))^sqrt(0.62)))))
3,9,7,0.0,((z*(abs(abs(sin(((y*z)^x))))/abs(((sqrt(sqrt(0.62))+cos(sqrt(z)))+abs((abs((abs(abs(sin(((y*z)^x))))/abs((0.62+abs(((0.62^0.62)maxabs(x)))))))maxabs((abs(abs(sin(((y*z)^x))))/abs((0.62+abs(((0.62^0.62)maxabs(x)))))))))))))^sqrt(sqrt(((cos(cos(sin(cos(0.62))))*cos(sin(x)))^sqrt(0.62)))))
3,9,8,0.0,((z*(abs(abs(sin(((y*z)^x))))/abs(((sqrt(sqrt(0.62))+cos(sqrt(z)))+abs(((0.62^sin(((cos(cos(sin(cos(0.62))))*(cos(cos(sin(cos(0.62))))*z))^x)))maxabs((abs(abs(sin(((y*z)^x))))/abs((0.62+abs(((0.62^0.62)maxabs(x)))))))))))))^sqrt(sqrt(((cos(cos(sin(cos(0.62))))*cos(sin(x)))^sqrt(0.62)))))
3,10,0,0.0,((z*(abs(abs(abs(((sin(cos(0.62))^sin(((y*z)^x)))maxabs((abs(abs(sin(((y*z)^x))))/abs(x)))))))/abs((y*z))))^sqrt(sqrt(((cos(cos(sin(cos(0.62))))*cos(sin(x)))^sqrt(0.62)))))
3,10,1,2.0,((z*(abs(abs(abs(((0.62^sin(((y*z)^x)))maxabs((abs(abs(sin(((y*z)^x))))/abs(x)))))))/abs((y*z))))^sqrt(sqrt(((cos(cos(0.62))*cos(sin(x)))^sqrt(0.62)))))
3,10,2,3.0,((z*(abs(abs(abs(((0.62^sin(((y*z)^x)))maxabs((abs(abs(sin(((y*z)^x))))/abs((0.62+abs(((0.62^0.62)maxabs(x)))))))))))/abs((y*z))))^sqrt(sqrt(((cos(cos(sin(cos((sqrt(abs(abs(sin(((y*z)^x)))))+cos(sqrt(z)))))))*cos(sin(x)))^sqrt(0.62)))))
3,10,3,0.0,((z*(abs(abs(abs(((0.62^sin(((y*z)^x)))maxabs((sqrt(0.62)/abs((0.62+abs(((0.62^0.62)maxabs(x)))))))))))/abs((y*z))))^sqrt(sqrt(((cos(cos(sin(cos((sqrt(sqrt(0.62))+cos(sqrt(z)))))))*cos(sin(x)))^sqrt(0.62)))))
3,10,4,3.0,((z*(abs(abs(abs(((0.62^sin(((y*z)^x)))maxabs((abs(abs(sin(((y*z)^x))))/abs((0.62+abs(((0.62^0.62)maxabs(x)))))))))))/abs((y*z))))^sqrt(sqrt(((cos(cos(sin(cos((sqrt(sqrt(0.62))+cos(sqrt(z)))))))*cos(sin(x)))^sqrt(((cos(cos(sin(cos((sqrt(sqrt(0.62))+cos(sqrt(z)))))))*cos(sin(x)))^sqrt(0.62)))))))
3,10,5,2.0,((z*(abs(abs(abs(((0.62^sin(((y*z)^x)))maxabs((abs(abs(sin(((y*z)^x))))/abs((0.62+abs(((0.62^0.62)maxabs(x)))))))))))/abs((y*z))))^sqrt(sqrt(0.62)))
3,10,6,0.0,((z*(abs(abs(abs(((0.62^sin(((y*z)^x)))maxabs((abs(abs(sin(((y*z)^x))))/abs((0.62+abs(((0.62^0.62)maxabs(x)))))))))))/abs((y*z))))^sqrt(sqrt(((cos(cos(sin(cos((sqrt(sqrt(0.62))+cos(sqrt(z)))))))*cos(sin(x)))^sqrt(0.62)))))
3,10,7,0.0,((z*(abs(abs(abs(((0.62^sin((((sqrt(sqrt(0.62))+cos(sqrt(z)))*z)^x)))maxabs((abs(abs(sin(((y*z)^x))))/abs(x)))))))/abs((y*z))))^sqrt(sqrt(((cos(cos(sin(cos(0.62))))*cos(sin(x)))^sqrt(0.62)))))
3,10,8,0.0,((z*(abs(abs(abs(((0.62^sin(((y*z)^x)))maxabs((abs(abs(sin(((y*z)^x))))/abs(x)))))))/abs((y*z))))^sqrt(sqrt(((cos(cos(z))*cos(sin(x)))^sqrt(0.62)))))
4,1,0,1.0,sqrt((sqrt((sqrt(((sqrt(x)*(0.62-0.62))^((y*z)*sin(x))))^abs(abs(((x^z)*sin(z))))))*abs((abs(((sin(z)^(0.62max0.62))minabs((0.62+y))))^sqrt((((y^x)^(y^z))/sqrt((0.62*0.62))))))))
4,1,1,1.0,sqrt(y)
4,1,2,0.0,(sqrt(((abs((abs((z^z))min((y/x)/(z^z))))*(sqrt(((y*z)-abs(0.62)))max(((0.62max0.62)max(zmin0.62))*sqrt((z+0.62)))))*abs(sin((sqrt((0.62+x))minsqrt(abs(y)))))))^sqrt(cos((sin(((abs(z)^(x^x))min((0.62-x)^(z-0.62))))-(sqrt(abs(abs(0.62)))+(cos(sin(y))/(abs(y)/sqrt(z))))))))
4,1,3,1.0,(y*sqrt(cos(x)))
4,1,4,0.0,abs((abs(0.62)+(((ymaxx)/(abs(((y+y)min(x/z)))-y))/sin((x*(ymaxsqrt((x+y))))))))
4,1,5,0.0,(0.62+(z-sin(sin(x))))
4,1,6,3.0,sin(((((((sqrt(y)^(ymin0.62))*sqrt((0.62*x)))^(abs(sqrt(y))max(sin(z)-(z^0.62))))*(sqrt(abs((0.62^y)))^((sqrt(z)+(x^0.62))-cos(abs(x)))))+(sin(sin(((z+y)maxabs(x))))min(cos(((0.62-x)^sqrt(y)))*abs(((x*z)min(y^x))))))-(cos(cos(sin((sin(x)/(y+y)))))-abs(abs(((abs(x)-(x-z))-sin((y-0.62))))))))
4,1,7,2.0,((sqrt((((sqrt((x+y))-x)^y)min((x-sin((y+x)))/abs(sin((z/y))))))+y)-abs(((0.62-sin((sqrt(z)/abs(abs(0.62)))))min((sin(sqrt((0.62maxx)))+(sin((0.62-0.62))^((x-x)^x)))min(((cos(x)-(z-x))*x)+y)))))
4,1,8,0.0,0.62
4,2,0,0.0,((sqrt((((sqrt((x+y))-(z-x))^y)min((x-sin((y+x)))/abs(sin((z/y))))))+y)-abs(((0.62-sin((sqrt(z)/abs(abs(0.62)))))min((sin(sqrt((0.62maxx)))+(sin((0.62-0.62))^((x-x)^x)))min(((cos(x)-(z-x))*x)+y)))))
4,2,1,0.0,((sqrt((((sqrt((x+y))-x)^y)min((x-sin((y+x)))/abs(sin((z/y))))))+y)-abs(((0.62-sin((sqrt(z)/abs(abs(0.62)))))min((sin(sqrt((0.62maxx)))+(sin((0.62-0.62))^((x-x)^x)))min(((cos(x)-x)*x)+y)))))
4,2,2,2.0,sin(((((((sqrt(y)^(ymin0.62))*sqrt((0.62*x)))^(abs(sqrt(y))max(sin(z)-(z^0.62))))*(sqrt(abs((0.62^y)))^((sqrt(z)+(x^0.62))-cos(abs(x)))))+(sin(sin(((z+y)maxabs(x))))minabs(abs(0.62))))-(cos(cos(sin((sin(x)/(y+y)))))-abs(abs(((abs(x)-(x-z))-sin((y-0.62))))))))
4,2,3,2.0,((sqrt((((sqrt((x+y))-x)^y)min((x-sin((y+x)))/abs(sin((z/y))))))+y)-abs(((0.62-sin((sqrt(z)/(cos(((0.62-x)^sqrt(y)))*abs(((x*z)min(y^x)))))))min((sin(sqrt((0.62maxx)))+(sin((0.62-0.62))^((x-x)^x)))min(((cos(x)-(z-x))*x)+y)))))
4,2,4,0.0,sin(((((((sqrt(y)^(ymin0.62))*sqrt((0.62*x)))^(abs(sqrt(y))max(sin(z)-(z^0.62))))*(sqrt(abs((0.62^y)))^((sqrt(z)+(x^0.62))-cos(abs(x)))))+(sin(sin(((z+y)maxsin((sin(x)/(y+y))))))min(cos(((0.62-x)^sqrt(y)))*abs(((x*z)min(y^x))))))-(cos(cos(sin((sin(x)/(y+y)))))-abs(abs(((abs(x)-(x-z))-sin((y-0.62))))))))
4,2,5,0.0,sin(((((((sqrt(y)^(ymin0.62))*sqrt((0.62*x)))^(abs(sqrt(y))max(sin(z)-(z^0.62))))*(sqrt(abs((0.62^y)))^((sqrt(z)+(x^0.62))-cos(abs(x)))))+(sin(sin(((z+y)maxabs(x))))min(cos(((0.62-x)^sqrt(y)))*abs(((x*z)min(y^x))))))-(cos(cos(abs(x)))-abs(abs(((abs(x)-(x-z))-sin((y-0.62))))))))
4,2,6,2.0,((sqrt((((sqrt((x+y))-x)^y)min(y/abs(sin((z/y))))))+y)-abs(((0.62-sin((sqrt(z)/abs(abs(0.62)))))min((sin(sqrt((0.62maxx)))+(sin((0.62-0.62))^((x-x)^x)))min(((cos(x)-(z-x))*x)+y)))))
4,2,7,0.0,sqrt((x-sin((y+x))))
4,2,8,3.0,((sqrt((((sqrt((0.62-x))-x)^y)min((x-sin((y+x)))/abs(sin((z/y))))))+y)-abs(((0.62-sin((sqrt(z)/abs(abs(0.62)))))min((sin(sqrt((0.62maxx)))+(sin((0.62-0.62))^((x-x)^x)))min(((cos(x)-(z-x))*x)+y)))))
4,3,0,0.0,((sqrt((((sqrt((x+y))-x)^y)min((x-sin((y+x)))/abs(sin((z/y))))))+y)-abs(((0.62-sin((sqrt(z)/(cos(((0.62-x)^sqrt(y)))*abs(((x*z)min(y^x)))))))min((sin(sqrt((0.62max0.62)))+(sin((0.62-0.62))^((x-x)^x)))min(((cos(x)-(z-x))*x)+y)))))
4,3,1,0.0,((sqrt((((sqrt((0.62-x))-x)^y)min((x-sin((y+x)))/abs(sin((z/y))))))+y)-abs(((0.62-sin((sqrt(z)/abs(abs(x)))))min((sin(sqrt((0.62maxx)))+(sin((0.62-0.62))^((x-x)^x)))min(((cos(x)-(z-x))*x)+y)))))
4,3,2,0.0,((sqrt((((sqrt((0.62-x))-x)^y)min((0.62maxx)/abs(sin((z/y))))))+y)-abs(((0.62-sin((sqrt(z)/abs(abs(0.62)))))min((sin(sqrt((0.62maxx)))+(sin((0.62-0.62))^((x-x)^x)))min(((cos(x)-(z-x))*x)+y)))))
4,3,3,3.0,((sqrt((((sqrt((x+y))-x)^y)min((x-sin((y+x)))/abs(sin((z/y))))))+y)-abs(((0.62-sin((sqrt(z)/(cos(((0.62-x)^sqrt(y)))*abs(((x*z)min(y^x)))))))min((sin(sqrt((x-sin((y+x)))))+(sin((0.62-0.62))^((x-x)^x)))min(((cos(x)-(z-x))*x)+y)))))
4,3,4,2.0,sin(((((((sqrt(y)^(ymin0.62))*sqrt((0.62*x)))^(abs(sqrt(y))max(sin(z)-(z^0.62))))*(sqrt(abs((0.62^y)))^((sqrt(z)+(x^0.62))-cos(abs(x)))))+(sin(sin(((z+y)maxabs(x))))minabs(abs(0.62))))-(cos(cos(sin(((0.62-sin((sqrt(z)/abs(abs(0.62)))))min((sin(sqrt((0.62maxx)))+(sin((0.62-0.62))^((x-x)^x)))min(((cos(x)-(z-x))*x)+y))))))-abs(abs(((abs(x)-(x-z))-sin((y-0.62))))))))
4,3,5,0.0,((sqrt((((sqrt((0.62-x))-x)^y)min((x-sin((y+x)))/abs(sin((z/y))))))+y)-abs((sin(x)/(y+y))))
4,3,6,0.0,((sqrt((((sqrt((x+y))-x)^y)min((x-sin((y+x)))/abs(sin((z/y))))))+((sqrt((0.62-x))-x)^y))-abs(((0.62-sin((sqrt(z)/(cos(((0.62-x)^sqrt(y)))*abs(((x*z)min(y^x)))))))min((sin(sqrt((0.62maxx)))+(sin((0.62-0.62))^((x-x)^x)))min(((cos(x)-(z-x))*x)+y)))))
4,3,7,0.0,((sqrt((ymin((x-sin((y+x)))/abs(sin((z/y))))))+y)-abs(((0.62-sin((sqrt(z)/abs(abs(0.62)))))min((sin(sqrt((0.62maxx)))+(sin((0.62-0.62))^((x-x)^x)))min(((cos(x)-(z-x))*x)+y)))))
4,3,8,2.0,((sqrt((((sqrt((0.62-x))-x)^y)min((x-sin((y+x)))/abs(sin((z/y))))))+y)-abs(((0.62-sin((sqrt(z)/abs(abs(0.62)))))min((sin(sqrt((0.62maxx)))+(sin((0.62-0.62))^((x-x)^x)))min(((0.62-sin((sqrt(z)/(cos(((0.62-x)^sqrt(y)))*abs(((x*z)min(y^x)))))))*x)+y)))))
4,4,0,3.0,sin(((((((sqrt(y)^(ymin0.62))*sqrt((0.62*x)))^(abs(sqrt(y))max(sin(z)-(z^0.62))))*(sqrt(abs((0.62^y)))^((sqrt(z)+(x^0.62))-cos(abs(x)))))+(sqrt(z)/(cos(((0.62-x)^sqrt(y)))*abs(((x*z)min(y^x))))))-(cos(cos(sin(((0.62-sin((sqrt(z)/abs(abs(0.62)))))min((sin(sqrt((0.62maxx)))+(sin((0.62-0.62))^((x-x)^x)))min(((cos(x)-(z-x))*x)+y))))))-abs(abs(((abs(x)-(x-z))-sin((y-0.62))))))))
4,4,1,0.0,((sqrt((((sqrt((x+y))-x)^y)min((x-sin((y+x)))/abs(sin((z/y))))))+y)-abs(((0.62-sin((sin(sin(((z+y)maxabs(x))))minabs(abs(0.62)))))min((sin(sqrt((x-sin((y+x)))))+(sin((0.62-0.62))^((x-x)^x)))min(((cos(x)-(z-x))*x)+y)))))
4,4,2,2.0,sin(((((((sqrt(y)^(ymin0.62))*sqrt((0.62*x)))^(abs(sqrt(y))max(sin(z)-(z^0.62))))*(sqrt(abs((0.62^y)))^((sqrt(z)+(x^0.62))-cos(abs(x)))))+(sin(sin(((z+y)maxabs(x))))minabs(abs(0.62))))-(cos(cos(sin(((0.62-sin((sqrt(z)/abs(abs(0.62)))))min((sin(sqrt((0.62maxx)))+(sin((0.62-0.62))^sin(sqrt((0.62maxx)))))min(((cos(x)-(z-x))*x)+y))))))-abs(abs(((abs(x)-(x-z))-sin((y-0.62))))))))
4,4,3,2.0,((sqrt((((sqrt((0.62-x))-x)^y)min((x-sin((y+x)))/abs(sin((z/y))))))+y)-abs(((0.62-sin((sqrt(z)/abs(abs(0.62)))))min((((x-x)^x)+(sin((0.62-0.62))^((x-x)^x)))min(((0.62-sin((sqrt(z)/(cos(((0.62-x)^sqrt(y)))*abs(((x*z)min(y^x)))))))*x)+y)))))
4,4,4,0.0,((sqrt((((sqrt((x+y))-x)^y)min((x-sin((y+x)))/abs(sin((z/y))))))+y)-abs(((0.62-sin((sqrt(z)/(cos(0.62)*abs(((x*z)min(y^x)))))))min((sin(sqrt((x-sin((y+x)))))+(sin((0.62-0.62))^((x-x)^x)))min(((cos(x)-(z-x))*x)+y)))))
4,4,5,2.0,((sqrt((((sqrt((0.62-x))-x)^y)min((x-sin((y+x)))/abs(sin((z/y))))))+y)-abs(((0.62-sin((sqrt(z)/abs(abs(0.62)))))min((sin(sqrt((0.62maxx)))+(sin((((0.62-x)^sqrt(y))-0.62))^((x-x)^x)))min(((0.62-sin((sqrt(z)/(cos(((0.62-x)^sqrt(y)))*abs(((x*z)min(y^x)))))))*x)+y)))))
4,4,6,1.0,((sqrt((((sqrt((x+y))-x)^y)min((x-sin((y+x)))/abs(sin((z/y))))))+y)-abs(((0.62-sin((sqrt(z)/(cos(((0.62-x)^sqrt(y)))*abs(((x*z)min(y^x)))))))min(x-sin((y+x))))))
4,4,7,0.0,((sqrt((((sqrt((x+y))-x)^y)min((x-sin((y+x)))/abs(sin((z/y))))))+y)-abs(((0.62-sin((sqrt(z)/(cos(((0.62-x)^sqrt(y)))*abs(((x*z)min(y^x)))))))min((sin(sqrt((x-sin((y+x)))))+(sin((0.62-0.62))^((x-x)^x)))min(((cos(x)-(z-x))*x)+y)))))
4,4,8,0.0,((sqrt(((((x-x)-x)^y)min((x-sin((y+x)))/abs(sin((z/y))))))+y)-abs(((0.62-sin((sqrt(z)/(cos(((0.62-x)^sqrt(y)))*abs(((x*z)min(y^x)))))))min((sin(sqrt((x-sin((y+x)))))+(sin((0.62-0.62))^((x-x)^x)))min(((cos(x)-(z-x))*x)+y)))))
4,5,0,2.0,sin(((((((sqrt(y)^(ymin0.62))*sqrt((0.62*x)))^(abs(sqrt(y))max(sin(z)-(z^0.62))))*(sqrt(abs((0.62^y)))^((sqrt(z)+(x^0.62))-cos(abs(x)))))+(sqrt(z)/(cos(((0.62-x)^sqrt(y)))*abs(((x*z)min(y^x))))))-(cos(cos(sin(((0.62-sin((sqrt(z)/abs(abs(0.62)))))min((sin(sqrt((0.62maxx)))+(sin((0.62-0.62))^((x-x)^x)))min(((cos(x)-(z-x))*x)+y))))))-abs(abs(((abs(x)-(((x-x)^x)-z))-sin((y-0.62))))))))
4,5,1,1.0,((sqrt((((sqrt((0.62-x))-x)^y)min((x-sin((y+x)))/abs(sin((z/y))))))+y)-abs(((0.62-sin((sqrt(z)/abs(abs(0.62)))))min((((x-x)^x)+(sin((0.62-0.62))^x))min(((0.62-sin((sqrt(z)/(cos(((0.62-x)^sqrt(y)))*abs(((x*z)min(y^x)))))))*x)+y)))))
4,5,2,0.0,sin(((((((sqrt(y)^(ymin0.62))*sqrt((0.62*x)))^(abs(sqrt(y))max(sin(z)-(z^0.62))))*(sqrt(abs((0.62^y)))^((sqrt(z)+(x^0.62))-cos(abs(x)))))+(sqrt(z)/(cos(((0.62-x)^sqrt(y)))*abs(((x*z)min(y^x))))))-(cos(cos(sin(((0.62-sin((sqrt(z)/abs(abs(0.62)))))min((sin(sqrt((0.62maxx)))+(sin((0.62-0.62))^((x-x)^x)))min(((cos(x)-(z-x))*x)+y))))))-abs(abs((abs((0.62^y))-sin((y-0.62))))))))
4,5,3,0.0,sin(((((((sqrt(y)^(ymin0.62))*sqrt((0.62*x)))^(abs(sqrt(y))max(sin(z)-(z^0.62))))*(sqrt((abs(x)-(x-z)))^((sqrt(z)+(x^0.62))-cos(abs(x)))))+(sin(sin(((z+y)maxabs(x))))minabs(abs(0.62))))-(cos(cos(sin(((0.62-sin((sqrt(z)/abs(abs(0.62)))))min((sin(sqrt((0.62maxx)))+(sin((0.62-0.62))^sin(sqrt((0.62maxx)))))min(((cos(x)-(z-x))*x)+y))))))-abs(abs(((abs(x)-(x-z))-sin((y-0.62))))))))
4,5,4,0.0,sin(((((((sqrt(y)^(ymin0.62))*sqrt((0.62*x)))^(abs(sqrt(y))max(sin(z)-(z^0.62))))*(sqrt(abs((0.62^y)))^((sqrt(z)+(x^0.62))-cos(abs(x)))))+(sqrt(z)/(cos(((0.62-x)^sqrt(y)))*abs(((x*z)min(y^x))))))-(cos(cos(sin(((0.62-sin((sqrt(z)/abs(abs(0.62)))))min(0.62min(((cos(x)-(z-x))*x)+y))))))-abs(abs(((abs(x)-(x-z))-sin((y-0.62))))))))
4,5,5,2.0,sin(((((((sqrt(y)^(ymin0.62))*sqrt((0.62*x)))^(abs(sqrt(y))max(sin(z)-(z^0.62))))*(sqrt(abs((0.62^y)))^((sqrt(z)+(x^(sin(sqrt((0.62maxx)))+(sin((0.62-0.62))^((x-x)^x)))))-cos(abs(x)))))+(sin(sin(((z+y)maxabs(x))))minabs(abs(0.62))))-(cos(cos(sin(((0.62-sin((sqrt(z)/abs(abs(0.62)))))min((sin(sqrt((0.62maxx)))+(sin((0.62-0.62))^sin(sqrt((0.62maxx)))))min(((cos(x)-(z-x))*x)+y))))))-abs(abs(((abs(x)-(x-z))-sin((y-0.62))))))))
4,5,6,3.0,((sqrt((((sqrt((0.62-x))-x)^y)min((x-sin((y+x)))/abs(sin((z/y))))))+y)-abs(((0.62-sin(((abs(x)-(x-z))-sin((y-0.62)))))min((((x-x)^x)+(sin((0.62-0.62))^((x-x)^x)))min(((0.62-sin((sqrt(z)/(cos(((0.62-x)^sqrt(y)))*abs(((x*z)min(y^x)))))))*x)+y)))))
4,5,7,0.0,sin(((((((sqrt(y)^(ymin0.62))*sqrt((0.62*x)))^(abs(sqrt(y))max(sin(z)-(z^0.62))))*(sqrt(abs((0.62^y)))^((sqrt(z)+(x^0.62))-cos(abs(x)))))+(sin(sin(((z+y)maxabs(x))))minabs(abs(0.62))))-(cos(cos(sin(((0.62-sin((sqrt(z)/abs(abs(0.62)))))min((sin(sqrt((0.62maxx)))+(sin((0.62-0.62))^sin(sqrt((0.62maxx)))))min(((cos(x)-(z-x))*x)+y))))))-abs(abs((sqrt(z)/abs(abs(0.62))))))))
4,5,8,3.0,sin(((((((sqrt(y)^(ymin0.62))*sqrt((0.62*x)))^(abs(sqrt(y))max(sin(z)-(z^0.62))))*(sqrt(abs((0.62^y)))^((sqrt(z)+(x^0.62))-cos(abs(x)))))+(sqrt(z)/(cos(((0.62-x)^sqrt(y)))*abs(((x*z)min(y^x))))))-(cos(cos(sin(((0.62-sin((sqrt(z)/abs(abs(0.62)))))min((sin(sqrt((0.62maxx)))+(0.62-0.62))min(((cos(x)-(z-x))*x)+y))))))-abs(abs(((abs(x)-(x-z))-sin((y-0.62))))))))
4,6,0,1.0,sin(((((((sqrt(y)^(ymin0.62))*sqrt((0.62*x)))^(abs(sqrt(y))max(sin(z)-(z^0.62))))*(sqrt(abs((0.62^y)))^((sqrt(z)+(x^0.62))-cos(abs(x)))))+(sqrt(z)/(cos(((0.62-x)^sqrt(y)))*abs(((x*z)min(y^x))))))-(cos(cos(sin(((0.62-sin((sqrt(z)/abs(abs(0.62)))))min((sin(sqrt((0.62maxx)))+(0.62-0.62))min(((cos(x)-(z-x))*x)+y))))))-abs(abs((x-x))))))
4,6,1,0.0,sin(((((((sqrt(y)^(ymin0.62))*sqrt((0.62*x)))^(abs(sqrt(y))max(sin(z)-(z^0.62))))*(sqrt(abs((0.62^y)))^((sqrt(z)+(x^(sin(sqrt((0.62maxx)))+(sin((0.62-0.62))^(((abs(x)-(x-z))-sin((y-0.62)))^x)))))-cos(abs(x)))))+(sin(sin(((z+y)maxabs(x))))minabs(abs(0.62))))-(cos(cos(sin(((0.62-sin((sqrt(z)/abs(abs(0.62)))))min((sin(sqrt((0.62maxx)))+(sin((0.62-0.62))^sin(sqrt((0.62maxx)))))min(((cos(x)-(z-x))*x)+y))))))-abs(abs(((abs(x)-(x-z))-sin((y-0.62))))))))
4,6,2,2.0,sin(((((((sqrt(y)^(ymin0.62))*sqrt((0.62*x)))^(abs(sqrt(y))max(sin(z)-(z^0.62))))*(z^0.62))+(sin(sin(((z+y)maxabs(x))))minabs(abs(0.62))))-(cos(cos(sin(((0.62-sin((sqrt(z)/abs(abs(0.62)))))min((sin(sqrt((0.62maxx)))+(sin((0.62-0.62))^sin(sqrt((0.62maxx)))))min(((cos(x)-(z-x))*x)+y))))))-abs(abs(((abs(x)-(x-z))-sin((y-0.62))))))))
4,6,3,0.0,sin(((((((sqrt(y)^(ymin0.62))*sqrt((0.62*x)))^(abs(sqrt(y))max(sin(z)-(sqrt(abs((0.62^y)))^((sqrt(z)+(x^(sin(sqrt((0.62maxx)))+(sin((0.62-0.62))^((x-x)^x)))))-cos(abs(x)))))))*(sqrt(abs((0.62^y)))^((sqrt(z)+(x^0.62))-cos(abs(x)))))+(sqrt(z)/(cos(((0.62-x)^sqrt(y)))*abs(((x*z)min(y^x))))))-(cos(cos(sin(((0.62-sin((sqrt(z)/abs(abs(0.62)))))min((sin(sqrt((0.62maxx)))+(0.62-0.62))min(((cos(x)-(z-x))*x)+y))))))-abs(abs(((abs(x)-(x-z))-sin((y-0.62))))))))
4,6,4,0.0,((sqrt((((sqrt((x-x))-x)^y)min((x-sin((y+x)))/abs(sin((z/y))))))+y)-abs(((0.62-sin(((abs(x)-(x-z))-sin((y-0.62)))))min((((x-x)^x)+(sin((0.62-0.62))^((x-x)^x)))min(((0.62-sin((sqrt(z)/(cos(((0.62-x)^sqrt(y)))*abs(((x*z)min(y^x)))))))*x)+y)))))
4,6,5,2.0,sin(((((((sqrt(y)^(ymin0.62))*sqrt((0.62*x)))^(abs(sqrt(y))max(sin(z)-(z^0.62))))*(sqrt(abs((0.62^y)))^((sqrt(z)+(x^(sin(sqrt((0.62maxx)))+(sin((0.62-0.62))^((x-x)^x)))))-cos(abs(x)))))+(sin(sin(((z+y)maxabs(x))))minabs(abs(0.62))))-(cos(cos(sin(((0.62-sin((sqrt(z)/abs(abs(0.62)))))min((sin(sqrt((0.62max0.62)))+(sin((0.62-0.62))^sin(sqrt((0.62maxx)))))min(((cos(x)-(z-x))*x)+y))))))-abs(abs(((abs(x)-(x-z))-sin((y-0.62))))))))
4,6,6,2.0,sin(((((((sqrt(y)^(ymin0.62))*sqrt((0.62*x)))^(abs(sqrt(y))max(sin(z)-(z^0.62))))*(sqrt(abs((0.62^y)))^((sqrt(z)+(x^0.62))-cos(abs(x)))))+(sqrt(z)/(cos(((0.62-x)^sqrt(y)))*abs(((x*z)min(y^abs(x)))))))-(cos(cos(sin(((0.62-sin((sqrt(z)/abs(abs(0.62)))))min((sin(sqrt((0.62maxx)))+(sin((0.62-0.62))^((x-x)^x)))min(((cos(x)-(z-x))*x)+y))))))-abs(abs(((abs(x)-(((x-x)^x)-z))-sin((y-0.62))))))))
4,6,7,3.0,sin(((((((sqrt(y)^(ymin0.62))*sqrt((0.62*x)))^(abs(sqrt(y))max(sin(z)-(z^0.62))))*(sqrt(abs((0.62^y)))^((sqrt(z)+(x^0.62))-cos(abs(x)))))+(sqrt(z)/(cos(((0.62-x)^sqrt(y)))*abs(((x*z)min(y^x))))))-(cos(cos(sin(((0.62-sin((sqrt(z)/abs(abs(0.62)))))min((sin(sqrt((0.62maxx)))+(0.62-0.62))min(((cos(x)-(z-x))*x)+y))))))-abs(abs(((x-(x-z))-sin((y-0.62))))))))
4,6,8,2.0,((sqrt((((sqrt((0.62-x))-x)^y)min((x-sin((y+x)))/abs(sin((z/y))))))+y)-abs(((0.62-sin(((abs(x)-(x-z))-sin((y-cos(abs(x)))))))min((((x-x)^x)+(sin((0.62-0.62))^((x-x)^x)))min(((0.62-sin((sqrt(z)/(cos(((0.62-x)^sqrt(y)))*abs(((x*z)min(y^x)))))))*x)+y)))))
4,7,0,0.0,(0.62-abs(((0.62-sin(((abs(x)-(x-z))-sin((y-cos(abs(x)))))))min((((x-x)^x)+(sin((0.62-0.62))^((x-x)^x)))min(((0.62-sin((sqrt(z)/(cos(((0.62-x)^sqrt(y)))*abs(((x*z)min(y^x)))))))*x)+y)))))
4,7,1,3.0,sin(((((((sqrt(y)^(ymin0.62))*sqrt((0.62*x)))^(abs(sqrt(y))max(sin(z)-(z^0.62))))*(sqrt(abs(((sqrt((((sqrt((0.62-x))-x)^y)min((x-sin((y+x)))/abs(sin((z/y))))))+y)^y)))^((sqrt(z)+(x^0.62))-cos(abs(x)))))+(sqrt(z)/(cos(((0.62-x)^sqrt(y)))*abs(((x*z)min(y^x))))))-(cos(cos(sin(((0.62-sin((sqrt(z)/abs(abs(0.62)))))min((sin(sqrt((0.62maxx)))+(0.62-0.62))min(((cos(x)-(z-x))*x)+y))))))-abs(abs(((x-(x-z))-sin((y-0.62))))))))
4,7,2,0.0,sin(((((((sqrt(y)^(ymin0.62))*sqrt((0.62*x)))^(abs(sqrt(y))max(sin(z)-(z^0.62))))*(sqrt(abs((0.62^y)))^((sqrt(z)+(x^0.62))-cos(abs(x)))))+(sqrt(z)/(cos(((0.62-x)^sqrt(y)))*abs(((x*z)min(y^abs(x)))))))-(cos(cos(sin(((0.62-sin((sqrt(z)/abs(abs(0.62)))))min((sin(sqrt((0.62maxx)))+(sin((0.62-0.62))^(0.62^x)))min(((cos(x)-(z-x))*x)+y))))))-abs(abs(((abs(x)-(((x-x)^x)-z))-sin((y-0.62))))))))
4,7,3,3.0,((sqrt((((sqrt(((x-x)-x))-x)^y)min((x-sin((y+x)))/abs(sin((z/y))))))+y)-abs(((0.62-sin(((abs(x)-(x-z))-sin((y-cos(abs(x)))))))min((((x-x)^x)+(sin((0.62-0.62))^((x-x)^x)))min(((0.62-sin((sqrt(z)/(cos(((0.62-x)^sqrt(y)))*abs(((x*z)min(y^x)))))))*x)+y)))))
4,7,4,3.0,((sqrt((((sqrt((0.62-x))-x)^y)min((x-sin((y+x)))/abs(sin((z/y))))))+y)-abs(((0.62-sin(((abs(x)-(x-z))-sin((y-cos(abs(cos(((0.62-x)^sqrt(y))))))))))min((((x-x)^x)+(sin((0.62-0.62))^((x-x)^x)))min(((0.62-sin((sqrt(z)/(cos(((0.62-x)^sqrt(y)))*abs(((x*z)min(y^x)))))))*x)+y)))))
4,7,5,2.0,sin(((((((sqrt(y)^(ymin0.62))*sqrt((0.62*x)))^(abs(sqrt(y))max(sin(z)-(z^0.62))))*(sqrt(abs((0.62^y)))^((sqrt(z)+(x^0.62))-cos(abs(x)))))+(sqrt(z)/(x*abs(((x*z)min(y^x))))))-(cos(cos(sin(((0.62-sin((sqrt(z)/abs(abs(0.62)))))min((sin(sqrt((0.62maxx)))+(0.62-0.62))min(((cos(x)-(z-x))*x)+y))))))-abs(abs((x-x))))))
4,7,6,3.0,((sqrt((((sqrt((0.62-x))-x)^y)min((x-sin((y+x)))/abs(sin((z/y))))))+y)-abs(((0.62-sin(((abs(x)-(x-z))-sin((y-cos(abs(x)))))))min((((x-x)^x)+(sin((0.62-0.62))^((x-x)^x)))min(((0.62-sin((sqrt(z)/(cos(((0.62-x)^sqrt(y)))*abs(((((0.62-sin(((abs(x)-(x-z))-sin((y-cos(abs(x)))))))min((((x-x)^x)+(sin((0.62-0.62))^((x-x)^x)))min(((0.62-sin((sqrt(z)/(cos(((0.62-x)^sqrt(y)))*abs(((x*z)min(y^x)))))))*x)+y)))*z)min(y^x)))))))*x)+y)))))
4,7,7,1.0,((sqrt((((sqrt((0.62-x))-x)^y)min((x-sin((y+x)))/abs(sin((z/y))))))+y)-abs(x))
4,7,8,0.0,((sqrt((((sqrt((0.62-x))-x)^y)min((x-sin((y+x)))/abs(sin((z/y))))))+y)-abs(((0.62-sin(((abs(x)-(x-z))-sin((y-cos(abs(x)))))))min((((x-x)^cos(x))+(sin((0.62-0.62))^((x-x)^x)))min(((0.62-sin((sqrt(z)/(cos(((0.62-x)^sqrt(y)))*abs(((x*z)min(y^x)))))))*x)+y)))))
4,8,0,2.0,sin(((((((sqrt(y)^(ymin0.62))*sqrt((0.62*x)))^(abs(sqrt(y))max(sin(z)-(z^0.62))))*(sqrt(abs((0.62^y)))^((x+(x^0.62))-cos(abs(x)))))+(sqrt(z)/(x*abs(((x*z)min(y^x))))))-(cos(cos(sin(((0.62-sin((sqrt(z)/abs(abs(0.62)))))min((sin(sqrt((0.62maxx)))+(0.62-0.62))min(((cos(x)-(z-x))*x)+y))))))-abs(abs((x-x))))))
4,8,1,3.0,((sqrt((((sqrt(((x-x)-x))-x)^y)min((x-sin((y+x)))/abs(sin((z/y))))))+y)-abs(((0.62-sin(((abs(x)-(x-z))-sin((y-cos(abs(sqrt(z))))))))min((((x-x)^x)+(sin((0.62-0.62))^((x-x)^x)))min(((0.62-sin((sqrt(z)/(cos(((0.62-x)^sqrt(y)))*abs(((x*z)min(y^x)))))))*x)+y)))))
4,8,2,0.0,((sqrt((((sqrt((0.62-x))-x)^y)min((x-sin((y+x)))/abs(sin((z/y))))))+y)-abs(((0.62-sin(((abs(x)-(x-z))-sin((y-cos(abs(cos(((0.62-x)^sqrt(y))))))))))min((((x-x)^x)+sqrt(y))min(((0.62-sin((sqrt(z)/(cos(((0.62-x)^sqrt(y)))*abs(((x*z)min(y^x)))))))*x)+y)))))
4,8,3,3.0,((sqrt((((sqrt(((x-x)-x))-x)^y)min((x-sin((y+x)))/abs(sin((z/y))))))+y)-abs(((0.62-sin(((abs(x)-(x-z))-sin((y-cos(abs(x)))))))min((((x-x)^x)+(sin((0.62-0.62))^((x-x)^x)))min(((0.62-sin((sqrt(z)/(cos(((0.62-x)^(sin((0.62-0.62))^((x-x)^x))))*abs(((x*z)min(y^x)))))))*x)+y)))))
4,8,4,0.0,((sqrt((((sqrt(((x-x)-x))-x)^y)min((x-sin((y+x)))/abs(sin((z/y))))))+y)-abs(((0.62-sin(((abs(x)-(x-z))-sin((y-cos(abs(x)))))))min((((x-cos(abs(x)))^x)+(sin((0.62-0.62))^((x-x)^x)))min(((0.62-sin((sqrt(z)/(cos(((0.62-x)^sqrt(y)))*abs(((x*z)min(y^x)))))))*x)+y)))))
4,8,5,0.0,((sqrt((((sqrt(((x-x)-x))-x)^y)min((x-sin((y+x)))/abs(sin((z/y))))))+y)-abs(((0.62-sin(((abs(x)-(x-z))-sin((y-x)))))min((((x-x)^x)+(sin((0.62-0.62))^((x-x)^x)))min(((0.62-sin((sqrt(z)/(cos(((0.62-x)^sqrt(y)))*abs(((x*z)min(y^x)))))))*x)+y)))))
4,8,6,2.0,((sqrt((((sqrt(((x-x)-x))-x)^y)min((x-sin((y+x)))/abs(sin((z/y))))))+y)-abs(((0.62-sin(((abs(x)-(x-z))-sin((y-cos(abs(x)))))))min((((x-x)^x)+(sin((0.62-0.62))^((x-x)^x)))min((x*x)+y)))))
4,8,7,0.0,((sqrt((((sqrt(((x-x)-x))-(0.62-sin((sqrt(z)/(cos(((0.62-x)^sqrt(y)))*abs(((x*z)min(y^x))))))))^y)min((x-sin((y+x)))/abs(sin((z/y))))))+y)-abs(((0.62-sin(((abs(x)-(x-z))-sin((y-cos(abs(x)))))))min((((x-x)^x)+(sin((0.62-0.62))^((x-x)^x)))min(((0.62-sin((sqrt(z)/(cos(((0.62-x)^sqrt(y)))*abs(((x*z)min(y^x)))))))*x)+y)))))
4,8,8,3.0,((sqrt((((sqrt(((x-x)-x))-x)^y)min((x-sin((y+x)))/abs(sin((z/y))))))+y)-abs(((0.62-sin(((abs(x)-(x-z))-sin((y-cos(abs(x)))))))min((((x-x)^x)+(sin((0.62-0.62))^((x-x)^((((x-x)^x)+(sin((0.62-0.62))^((x-x)^x)))min(((0.62-sin((sqrt(z)/(cos(((0.62-x)^sqrt(y)))*abs(((x*z)min(y^x)))))))*x)+y)))))min(((0.62-sin((sqrt(z)/(cos(((0.62-x)^sqrt(y)))*abs(((x*z)min(y^x)))))))*x)+y)))))
4,9,0,2.0,((sqrt((((sqrt(((x-x)-x))-x)^y)min((x-sin((y+x)))/abs(sin((z/y))))))+y)-abs(((0.62-sin(((abs(x)-(x-z))-sin((y-cos(abs(x)))))))min((((x-x)^x)+(sin((0.62-((((sqrt(y)^(ymin0.62))*sqrt((0.62*x)))^(abs(sqrt(y))max(sin(z)-(z^0.62))))*(sqrt(abs((0.62^y)))^((x+(x^0.62))-cos(abs(x)))))))^((x-x)^x)))min((x*x)+y)))))
4,9,1,2.0,sin(((0.62+(sqrt(z)/(x*abs(((x*z)min(y^x))))))-(cos(cos(sin(((0.62-sin((sqrt(z)/abs(abs(0.62)))))min((sin(sqrt((0.62maxx)))+(0.62-0.62))min(((cos(x)-(z-x))*x)+y))))))-abs(abs((x-x))))))
4,9,2,0.0,((sqrt((((sqrt(((x-x)-x))-x)^y)min((x-sin((y+x)))/abs(sin((z/y))))))+y)-abs(((0.62-sin(((abs(x)-(x-z))-sin((y-cos(abs(x)))))))min((((z-x)^x)+(sin((0.62-0.62))^((x-x)^x)))min((x*x)+y)))))
4,9,3,2.0,sin(((((((sqrt(y)^(ymin0.62))*sqrt((0.62*x)))^(abs(sqrt(y))max(sin(x)-(z^0.62))))*(sqrt(abs((0.62^y)))^((x+(x^0.62))-cos(abs(x)))))+(sqrt(z)/(x*abs(((x*z)min(y^x))))))-(cos(cos(sin(((0.62-sin((sqrt(z)/abs(abs(0.62)))))min((sin(sqrt((0.62maxx)))+(0.62-0.62))min(((cos(x)-(z-x))*x)+y))))))-abs(abs((x-x))))))
4,9,4,0.0,((sqrt((((sqrt(((x-x)-x))-z)^y)min((x-sin((y+x)))/abs(sin((z/y))))))+y)-abs(((0.62-sin(((abs(x)-(x-z))-sin((y-cos(abs(x)))))))min((((x-x)^x)+(sin((0.62-0.62))^((x-x)^((((x-x)^x)+(sin((0.62-0.62))^((x-x)^x)))min(((0.62-sin((sqrt(z)/(cos(((0.62-x)^sqrt(y)))*abs(((x*z)min(y^x)))))))*x)+y)))))min(((0.62-sin((sqrt(z)/(cos(((0.62-x)^sqrt(y)))*abs(((x*z)min(y^x)))))))*x)+y)))))
4,9,5,0.0,((sqrt((((sqrt(((x-x)-x))-x)^y)min((x-sin((y+x)))/abs(sin((z/y))))))+y)-abs(((0.62-sin(((abs(x)-(x-x))-sin((y-cos(abs(x)))))))min((((x-x)^x)+(sin((0.62-0.62))^((x-x)^x)))min((x*x)+y)))))
4,9,6,0.0,((sqrt((((sqrt(((x-x)-x))-x)^y)min((x-sin((y+x)))/(x-x))))+y)-abs(((0.62-sin(((abs(x)-(x-z))-sin((y-cos(abs(x)))))))min((((x-x)^x)+(sin((0.62-0.62))^((x-x)^((((x-x)^x)+(sin((0.62-0.62))^((x-x)^x)))min(((0.62-sin((sqrt(z)/(cos(((0.62-x)^sqrt(y)))*abs(((x*z)min(y^x)))))))*x)+y)))))min(((0.62-sin((sqrt(z)/(cos(((0.62-x)^sqrt(y)))*abs(((x*z)min(y^x)))))))*x)+y)))))
4,9,7,3.0,((sqrt((((sqrt((abs(sin((z/y)))-x))-x)^y)min((x-sin((y+x)))/abs(sin((z/y))))))+y)-abs(((0.62-sin(((abs(x)-(x-z))-sin((y-cos(abs(x)))))))min((((x-x)^x)+(sin((0.62-0.62))^((x-x)^((((x-x)^x)+(sin((0.62-0.62))^((x-x)^x)))min(((0.62-sin((sqrt(z)/(cos(((0.62-x)^sqrt(y)))*abs(((x*z)min(y^x)))))))*x)+y)))))min(((0.62-sin((sqrt(z)/(cos(((0.62-x)^sqrt(y)))*abs(((x*z)min(y^x)))))))*x)+y)))))
4,9,8,3.0,((sqrt((((sqrt(((x-x)-x))-x)^y)min((x-sin((y+x)))/abs(sin((z/y))))))+y)-abs(((0.62-sin(((abs(x)-(x-z))-sin((y-cos(abs(x)))))))min((((x-x)^x)+(sin((0.62-0.62))^((x-x)^((((x-x)^x)+(sin((0.62-0.62))^((x-x)^x)))min(((0.62-sin((sqrt(z)/(cos(((0.62-x)^sqrt(y)))*abs(((x*z)min(y^x)))))))*x)+y)))))min(((0.62-sin((sqrt(z)/(cos(((0.62-x)^sqrt(y)))*abs(((x*z)min(y^x)))))))*x)+y)))))
4,10,0,2.0,((sqrt((((sqrt(((x-x)-x))-x)^y)min((x-sin((y+x)))/abs(sin((z/y))))))+y)-abs(((0.62-sin(((abs(x)-(x-z))-sin((y-cos(abs(x)))))))min((((x-(0.62-sin(((abs(x)-(x-z))-sin((y-cos(abs(x))))))))^x)+(sin((0.62-((((sqrt(y)^(ymin0.62))*sqrt((0.62*x)))^(abs(sqrt(y))max(sin(z)-(z^0.62))))*(sqrt(abs((0.62^y)))^((x+(x^0.62))-cos(abs(x)))))))^((x-x)^x)))min((x*x)+y)))))
4,10,1,2.0,((sqrt((((sqrt((abs(sin((z/y)))-x))-x)^y)min((x-sin((y+x)))/abs(sin((z/y))))))+y)-abs((xmin((((x-x)^x)+(sin((0.62-0.62))^((x-x)^((((x-x)^x)+(sin((0.62-0.62))^((x-x)^x)))min(((0.62-sin((sqrt(z)/(cos(((0.62-x)^sqrt(y)))*abs(((x*z)min(y^x)))))))*x)+y)))))min(((0.62-sin((sqrt(z)/(cos(((0.62-x)^sqrt(y)))*abs(((x*z)min(y^x)))))))*x)+y)))))
4,10,2,0.0,((sqrt((((sqrt(((x-x)-x))-x)^y)min((x-sin((y+x)))/abs(sin((z/y))))))+y)-abs(((0.62-sin(((abs(x)-(x-z))-sin((y-cos(abs(x)))))))min((((x-x)^x)+(sin((0.62-0.62))^((x-x)^((((x-x)^x)+(sin((sqrt(z)/(cos(((0.62-x)^sqrt(y)))*abs(((x*z)min(y^x))))))^((x-x)^x)))min(((0.62-sin((sqrt(z)/(cos(((0.62-x)^sqrt(y)))*abs(((x*z)min(y^x)))))))*x)+y)))))min(((0.62-sin((sqrt(z)/(cos(((0.62-x)^sqrt(y)))*abs(((x*z)min(y^x)))))))*x)+y)))))
4,10,3,2.0,((sqrt((((sqrt((abs(sin((z/y)))-x))-x)^y)min((x-sin((y+x)))/abs(sin((z/y))))))+y)-abs(((0.62-sin(((abs(x)-(x-z))-sin((y-cos(abs(x)))))))min((((x-x)^x)+(sin((0.62-0.62))^((x-x)^((((x-x)^x)+(sin((0.62-0.62))^((x-x)^x)))min(((0.62-sin((0.62-0.62)))*x)+y)))))min(((0.62-sin((sqrt(z)/(cos(((0.62-x)^sqrt(y)))*abs(((x*z)min(y^x)))))))*x)+y)))))
4,10,4,0.0,((sqrt((((sqrt((abs(sin((z/y)))-x))-x)^y)min((x-sin((y+x)))/abs(sin((z/y))))))+y)-abs(((0.62-sin(((abs(x)-(x-z))-sin((y-cos(abs(x)))))))min((((x-x)^x)+(sin((0.62-0.62))^((x-x)^((((x-x)^x)+(sin((0.62-0.62))^((x-x)^x)))min(((0.62-sin((sqrt(z)/(cos(((0.62-x)^sqrt(y)))*abs(((x*z)min(y^x)))))))*x)+y)))))min(((0.62-sin((sqrt(z)/(cos(((0.62-x)^sqrt(y)))*abs((sqrt(y)min(y^x)))))))*x)+y)))))
4,10,5,0.0,((sqrt((((sqrt((abs(sin((z/y)))-x))-x)^y)min((x-sin((y+x)))/abs(sin((z/y))))))+y)-abs(((0.62-sin(((abs(x)-(x-z))-sin((y-cos(abs(x)))))))min((((x-x)^x)+(sin((0.62-0.62))^((x-x)^((((x-x)^x)+(sin((0.62-0.62))^((x-x)^x)))min(((0.62-sin((sqrt(z)/(cos(((0.62-x)^(x*z)))*abs(((x*z)min(y^x)))))))*x)+y)))))min(((0.62-sin((sqrt(z)/(cos(((0.62-x)^sqrt(y)))*abs(((x*z)min(y^x)))))))*x)+y)))))
4,10,6,0.0,((sqrt((((sqrt((abs(sin((z/y)))-x))-x)^y)min((x-sin((y+x)))/abs(sin((z/y))))))+y)-abs(((0.62-sin(((abs(x)-(x-z))-sin((y-cos(abs(x)))))))min((((x-x)^x)+(sin((0.62-0.62))^((x-x)^((((x-x)^x)+(sin((0.62-0.62))^(x^x)))min(((0.62-sin((sqrt(z)/(cos(((0.62-x)^sqrt(y)))*abs(((x*z)min(y^x)))))))*x)+y)))))min(((0.62-sin((sqrt(z)/(cos(((0.62-x)^sqrt(y)))*abs(((x*z)min(y^x)))))))*x)+y)))))
4,10,7,3.0,((sqrt((((sqrt(((x-x)-(x-x)))-x)^y)min((x-sin((y+x)))/abs(sin((z/y))))))+y)-abs(((0.62-sin(((abs(x)-(x-z))-sin((y-cos(abs(x)))))))min((((x-x)^x)+(sin((0.62-((((sqrt(y)^(ymin0.62))*sqrt((0.62*x)))^(abs(sqrt(y))max(sin(z)-(z^0.62))))*(sqrt(abs((0.62^y)))^((x+(x^0.62))-cos(abs(x)))))))^((x-x)^x)))min((x*x)+y)))))
4,10,8,3.0,((sqrt((((sqrt((abs(sin((z/y)))-x))-x)^y)min((x-sin((y+x)))/abs(sin((z/y))))))+y)-abs(((0.62-sin(((abs(x)-(x-z))-sin((y-cos(abs(x)))))))min((((x-x)^x)+(sin((0.62-0.62))^((x-x)^((((x-x)^x)+(sin((0.62-0.62))^((x-x)^x)))min(((0.62-sin((sqrt(z)/(cos(((0.62-x)^sqrt(y)))*abs(((x*z)min(y^x)))))))*x)+y)))))min(((0.62-sin((sqrt(z)/(cos(((0.62-x)^sqrt(y)))*abs(((x*z)min(y^x)))))))*x)+y)))))
6,1,0,0.0,y
6,1,1,0.0,(((sin(sqrt((((0.62maxy)max(y-y))min(sin(x)^(z*0.62)))))min((abs(sqrt(sin(0.62)))/sin(sin((0.62max0.62))))/sqrt(cos(((0.62^x)-(ymin0.62))))))*(((sqrt(((0.62+y)-cos(x)))max(cos(sqrt(x))max(abs(x)-(0.62minx))))-sqrt(((sqrt(y)+(x*z))maxsin((ymax0.62)))))*sqrt(sqrt(sin(sin(abs(0.62)))))))max((abs(((((z/x)*(0.62-z))*((x+0.62)-sqrt(0.62)))/(((z*x)/sqrt(x))minabs((z*y)))))+(((((z^z)max(z/y))/(cos(x)min(0.62*y)))min(abs((x+z))-sin((x+z))))*sin((sqrt(cos(x))min(cos(y)+cos(y))))))min(sqrt(abs(sqrt((sqrt(x)-abs(z)))))-(abs(cos(sin((z^x))))*cos((((zmaxz)max(y^x))^((z^0.62)min(z+x))))))))
6,1,2,2.0,(cos(((((((xmaxy)/(x*z))/((z+y)^abs(0.62)))min(sqrt((0.62^z))*((0.62-y)-(0.62maxz))))/sin((((z/0.62)*(0.62+z))minsqrt(sqrt(0.62)))))-(sin(sin(sqrt((y+z))))max(sqrt(((z+x)-(x-0.62)))*abs(((0.62*z)max(0.62-x)))))))min(cos(cos(((((ymaxy)-(x-y))max((y/0.62)^(0.62*z)))*(((ymin0.62)+(yminz))+cos(cos(z))))))*(abs((((sqrt(0.62)-(xminy))min((x^y)+(0.62maxx)))min(cos((y/0.62))*((zminy)-(y^y)))))+cos(((cos((x/0.62))*((x/z)min(z+x)))minsin(abs((0.62/0.62))))))))
6,1,3,0.0,y
6,1,4,0.0,0.62
6,1,5,0.0,((cos((((x*sin(0.62))^sqrt(((y^0.62)/sqrt(y))))minz))+((sqrt(z)+(0.62*sin(abs((z*y)))))max(0.62max((zmaxsqrt(z))^(ymaxsqrt(abs(z)))))))minsqrt((0.62maxx)))
6,1,6,0.0,cos(0.62)
6,1,7,0.0,sin(sqrt(y))
6,1,8,0.0,(((x^0.62)-z)^sin((sqrt((0.62min((0.62maxabs(y))/(0.62/sin(x)))))-z)))
6,2,0,0.0,(cos(((((((xmaxy)/(x*z))/((z+y)^abs(0.62)))min(sqrt((0.62^z))*((0.62-y)-(0.62maxz))))/sin((((z/0.62)*(0.62+z))minsqrt(sqrt(0.62)))))-(sin(sin(sqrt((y+z))))max(sqrt(((z+x)-(x-0.62)))*abs(((0.62*z)max(0.62-x)))))))min(cos(cos(((((ymaxy)-(x-y))max((y/0.62)^(0.62*z)))*(((ymin0.62)+(yminz))+cos(cos(z))))))*(abs((((sqrt(0.62)-(xminy))min((x^y)+(0.62maxx)))min(cos((y/0.62))*((zminy)-(x^y)))))+cos(((cos((x/0.62))*((x/z)min(z+x)))minsin(abs((0.62/0.62))))))))
6,2,1,0.0,(cos(((((((xmaxy)/(x*z))/((z+y)^abs(0.62)))min(sqrt((0.62^z))*((0.62-y)-(0.62maxz))))/sin((((z/0.62)*(0.62+z))minsqrt(sqrt(0.62)))))-(sin(sin(sqrt((y+z))))max(sqrt(((z+x)-(x-0.62)))*abs(((0.62*z)max(0.62-x)))))))min(cos(cos(((((ymaxy)-(x-y))max((y/0.62)^(0.62*z)))*(((ymin0.62)+(yminz))+cos(cos(z))))))*(abs((((sqrt(0.62)-(xminy))min((y^y)+(0.62maxx)))min(cos((y/0.62))*((zminy)-(y^y)))))+cos(((cos((x/0.62))*((x/z)min(z+x)))minsin(abs((0.62/0.62))))))))
6,2,2,0.0,(cos(((((((xmaxy)/(x*z))/((z+y)^abs(0.62)))min(sqrt((0.62^z))*((0.62-y)-(0.62maxz))))/sin((((z/0.62)*(0.62+z))minsqrt(sqrt(0.62)))))-(sin(sin(sqrt((y+z))))max(sqrt(((z+x)-(x-0.62)))*abs(((0.62*z)max(0.62-x)))))))min(cos(cos(((((ymaxy)-(x-y))max((y/0.62)^(0.62*z)))*(((ymin0.62)+(yminz))+cos(cos(z))))))*(abs((((sqrt(y)-(xminy))min((x^y)+(0.62maxx)))min(cos((y/0.62))*((zminy)-(y^y)))))+cos(((cos((x/0.62))*((x/z)min(z+x)))minsin(abs((0.62/0.62))))))))
6,2,3,0.0,(cos(((((((xmax0.62)/(x*z))/((z+y)^abs(0.62)))min(sqrt((0.62^z))*((0.62-y)-(0.62maxz))))/sin((((z/0.62)*(0.62+z))minsqrt(sqrt(0.62)))))-(sin(sin(sqrt((y+z))))max(sqrt(((z+x)-(x-0.62)))*abs(((0.62*z)max(0.62-x)))))))min(cos(cos(((((ymaxy)-(x-y))max((y/0.62)^(0.62*z)))*(((ymin0.62)+(yminz))+cos(cos(z))))))*(abs((((sqrt(0.62)-(xminy))min((x^y)+(0.62maxx)))min(cos((y/0.62))*((zminy)-(y^y)))))+cos(((cos((x/0.62))*((x/z)min(z+x)))minsin(abs((0.62/0.62))))))))
6,2,4,0.0,(cos(((((((xmaxy)/(x*z))/((z+y)^abs(0.62)))min(sqrt((0.62^z))*((0.62-y)-(0.62maxz))))/sin((((z/0.62)*(0.62+z))minsqrt(sqrt(0.62)))))-(sin(sin(sqrt((y+z))))max(sqrt(((z+x)-(x-0.62)))*abs(((0.62*z)max(0.62-x)))))))min(cos(cos(((((ymaxy)-(x-y))max((y/0.62)^(0.62*z)))*(((ymin((0.62*z)max(0.62-x)))+(yminz))+cos(cos(z))))))*(abs((((sqrt(0.62)-(xminy))min((x^y)+(0.62maxx)))min(cos((y/0.62))*((zminy)-(y^y)))))+cos(((cos((x/0.62))*((x/z)min(z+x)))minsin(abs((0.62/0.62))))))))
6,2,5,0.0,(cos(((((((xmaxy)/(x*z))/((z+y)^abs(0.62)))min(sqrt((0.62^z))*((0.62-y)-(0.62maxz))))/sin((((z/0.62)*(0.62+z))minsqrt(sqrt(0.62)))))-(sin(sin(sqrt((y+z))))max(sqrt(((z+x)-(x-0.62)))*abs(0.62)))))min(cos(cos(((((ymaxy)-(x-y))max((y/0.62)^(0.62*z)))*(((ymin0.62)+(yminz))+cos(cos(z))))))*(abs((((sqrt(0.62)-(xminy))min((x^y)+(0.62maxx)))min(cos((y/0.62))*((zminy)-(y^y)))))+cos(((cos((x/0.62))*((x/z)min(z+x)))minsin(abs((0.62/0.62))))))))
6,2,6,0.0,(cos(((((((xmaxy)/(x*z))/((z+y)^abs(0.62)))min(sqrt((0.62^z))*((0.62-y)-(0.62maxz))))/sin((((z/0.62)*(0.62+z))minsqrt(sqrt(0.62)))))-(sin(sin(sqrt((y+z))))max(sqrt(((z+x)-(x-0.62)))*abs(((0.62*z)max(0.62-x)))))))min(cos(cos(sqrt(0.62)))*(abs((((sqrt(0.62)-(xminy))min((x^y)+(0.62maxx)))min(cos((y/0.62))*((zminy)-(y^y)))))+cos(((cos((x/0.62))*((x/z)min(z+x)))minsin(abs((0.62/0.62))))))))
6,2,7,0.0,(cos(((((((xmaxy)/(x*z))/((z+y)^abs(0.62)))min(sqrt((0.62^z))*((0.62-y)-(0.62maxz))))/sin((((z/0.62)*(0.62+z))minsqrt(sqrt(0.62)))))-(sin(sin(sqrt((y+z))))max(sqrt(((z+x)-(x-0.62)))*abs(((0.62*z)max(0.62-x)))))))min(cos(cos(((((ymaxy)-(x-y))max((y/0.62)^(0.62*z)))*(((ymin0.62)+(yminz))+cos(cos(z))))))*(abs((((((((ymaxy)-(x-y))max((y/0.62)^(0.62*z)))*(((ymin0.62)+(yminz))+cos(cos(z))))-(xminy))min((x^y)+(0.62maxx)))min(cos((y/0.62))*((zminy)-(y^y)))))+cos(((cos((x/0.62))*((x/z)min(z+x)))minsin(abs((0.62/0.62))))))))
6,2,8,0.0,(cos(((((((xmaxy)/(x*z))/((z+y)^abs(0.62)))min(sqrt((0.62^z))*((0.62-y)-(0.62maxz))))/sin((((z/0.62)*(0.62+z))minsqrt(sqrt(0.62)))))-(sin(sin(sqrt((y+z))))max(sqrt(((z+x)-(x-0.62)))*abs(((0.62*z)max(0.62-x)))))))min(cos(cos(((((ymaxy)-(x-y))max((y/0.62)^(0.62*z)))*(((ymin0.62)+(yminz))+cos(cos(z))))))*(y+cos(((cos((x/0.62))*((x/z)min(z+x)))minsin(abs((0.62/0.62))))))))
7,1,0,0.0,(y+sqrt((((0.62^(sqrt(sqrt(y))+abs(0.62)))max(sqrt((sqrt(0.62)min(x/y)))-sin(sqrt(abs(x)))))maxcos(y))))
7,1,1,2.0,(cos(((sqrt((((x-0.62)minsin(0.62))-abs((0.62/z))))maxcos((sin((xmaxx))*(sin(y)*(0.62+0.62)))))+cos((((sin(z)-(x-y))-sqrt((x/x)))+((cos(y)max(0.62maxz))max(cos(0.62)/(y^x)))))))+cos((((abs(((x*y)mincos(y)))+(((zmax0.62)min(y-z))*((z^z)^sqrt(0.62))))^((sqrt((y/x))^sqrt(abs(y)))*(((y*y)+(z/y))*(cos(z)-(zmaxy)))))+((cos((abs(x)^(yminy)))/sin(((x*y)*abs(0.62))))+cos((((0.62min0.62)+(z*z))maxsin((xmaxy))))))))
7,1,2,0.0,sqrt(sin((((sqrt((sqrt(y)^(xmax0.62)))+sin(sqrt(sin(0.62))))^(cos(((x^0.62)^(0.62+y)))-(cos((z/z))*sqrt((0.62/y)))))+(sqrt(sin(((y*0.62)-cos(y))))+sin(abs(sqrt(sin(x))))))))
7,1,3,0.0,y
7,1,4,0.0,sin((((abs(sin(sqrt((0.62+z))))max((cos((y+z))/cos((y*y)))min(abs((x^z))*sqrt((y-z)))))min(sqrt((cos((x/z))*sqrt((x*0.62))))+(((abs(x)^(z+0.62))-cos((0.62min0.62)))-(((y+z)^abs(z))-((xminy)min(z-z))))))/((((((0.62/z)max(xmin0.62))+((z^0.62)+sqrt(y)))+(((z/x)^(0.62/x))min(sin(y)max(x+z))))/((cos(sin(y))maxsqrt((0.62maxz)))^(cos(abs(y))max((0.62-x)min(x*z)))))-sin(((((xmax0.62)min(y*y))*sin((x-0.62)))^((cos(x)^(y*y))min((y/x)+(y/0.62))))))))
7,1,5,0.0,cos((0.62*sin(x)))
7,1,6,0.0,(abs(((((((z*x)-(xmaxy))minabs(sin(0.62)))*sin((sqrt(y)+sqrt(0.62))))/((((z^z)-(0.62maxy))-cos((0.62/0.62)))-cos(((zmin0.62)/abs(0.62)))))min((sqrt(((z+x)*(ymaxy)))max((abs(z)minabs(x))minabs((0.62/x))))/sqrt(sin(((0.62maxy)+(z+x)))))))/((sqrt(((sqrt((z*x))max((0.62-0.62)maxsin(z)))-(((xmax0.62)minsin(0.62))*(sin(z)^sin(x)))))min(cos(((abs(y)*sqrt(y))-((z-y)+(y*0.62))))/(((sqrt(0.62)-(y-z))*abs(cos(0.62)))+((sin(0.62)/(y-0.62))/sin(abs(z))))))-abs(sin(cos((((y^x)-(0.62-z))^(sin(x)mincos(y))))))))
7,1,7,0.0,z
7,1,8,0.0,z
